query_id,species_key,author,top1_match,max_similarity,total_relevant_in_gallery,reciprocal_rank,P@10,R@10,AP@10,representation
XC1011212,coffal1,Jacob Wijpkema,baffal1,0.992039680480957,171,0.125,0.2,0.011695906432748537,0.0325,R0
XC518849,coffal1,Marcelo da Rocha,banana,0.9931313395500183,171,0.034482758620689655,0.0,0.0,0.0,R0
XC640029,coffal1,Ciro Albano,compau,0.9972987771034241,171,0.5,0.4,0.023391812865497075,0.1775,R0
XC238626,coffal1,Niels Krabbe,roahaw,0.9960699081420898,171,0.05263157894736842,0.0,0.0,0.0,R0
XC580510,coffal1,Kent Livezey,bobfly1,0.9922335743904114,171,0.09090909090909091,0.0,0.0,0.0,R0
XC841725,coffal1,Niels Krabbe,trsowl,0.9944460391998291,171,0.3333333333333333,0.1,0.005847953216374269,0.03333333333333333,R0
XC909155,coffal1,Luis Gomez,sobtyr1,0.9956451654434204,171,0.5,0.3,0.017543859649122806,0.19166666666666665,R0
XC597587,coffal1,Erik Camilo Gaitán López,barant1,0.9939500093460083,171,0.2,0.2,0.011695906432748537,0.042222222222222223,R0
XC514068,coffal1,David Bradley,roahaw,0.995782196521759,171,0.16666666666666666,0.2,0.011695906432748537,0.041666666666666664,R0
XC915055,coffal1,Rodrigo Y Castro,coffal1,0.9999998807907104,171,1.0,0.4,0.023391812865497075,0.26,R0
XC504846,sobtyr1,Iván Lau,barant1,0.994948148727417,221,0.25,0.1,0.004524886877828055,0.025,R0
XC764623,sobtyr1,Niels Krabbe,yeofly1,0.9960984587669373,221,0.1111111111111111,0.1,0.004524886877828055,0.01111111111111111,R0
XC653903,sobtyr1,Jacob Wijpkema,pabspi1,0.9976564049720764,221,0.07142857142857142,0.0,0.0,0.0,R0
XC176886,sobtyr1,Douglas Meyer,sobtyr1,0.995947003364563,221,1.0,0.5,0.02262443438914027,0.4425,R0
XC580800,sobtyr1,Javier Ricardo Salamanca-Reyes,bobfly1,0.9966041445732117,221,0.03333333333333333,0.0,0.0,0.0,R0
XC763522,sobtyr1,GABRIEL LEITE,yeofly1,0.9964342713356018,221,0.25,0.1,0.004524886877828055,0.025,R0
XC612769,sobtyr1,Fabrice Schmitt,pirfly1,0.9938995242118835,221,0.05263157894736842,0.0,0.0,0.0,R0
XC135348,sobtyr1,Dan Lane,pirfly1,0.9958240985870361,221,0.05263157894736842,0.0,0.0,0.0,R0
XC1062368,sobtyr1,Jacob Wijpkema,banana,0.9922100901603699,221,0.041666666666666664,0.0,0.0,0.0,R0
XC653904,sobtyr1,Jacob Wijpkema,yeofly1,0.997203528881073,221,0.1,0.1,0.004524886877828055,0.01,R0
XC348691,greant1,Blas Fandiño,pirfly1,0.9860236644744873,223,0.09090909090909091,0.0,0.0,0.0,R0
XC397818,greant1,Federico Ferrer,greant1,0.9944773316383362,223,1.0,0.6,0.026905829596412557,0.5583333333333333,R0
XC50033,greant1,Bernabe Lopez-Lanus,greant1,0.9933598637580872,223,1.0,0.2,0.008968609865470852,0.13333333333333333,R0
XC388556,greant1,Marcelo Jordani Feliti,bobfly1,0.9932295680046082,223,0.5,0.2,0.008968609865470852,0.07857142857142857,R0
XC433819,greant1,Marcelo Jordani Feliti,greant1,0.9869853258132935,223,1.0,0.7,0.03139013452914798,0.5508730158730158,R0
XC123928,greant1,GABRIEL LEITE,greant1,0.9878556728363037,223,1.0,0.1,0.004484304932735426,0.1,R0
XC489684,greant1,Jacob Wijpkema,squcuc1,0.9945744276046753,223,0.5,0.3,0.013452914798206279,0.12333333333333334,R0
XC452472,greant1,Marcelo Jordani Feliti,greant1,0.9908638596534729,223,1.0,0.3,0.013452914798206279,0.16190476190476188,R0
XC616309,greant1,Fabrice Schmitt,soulap1,0.9969465732574463,223,0.0196078431372549,0.0,0.0,0.0,R0
XC118887,greant1,GABRIEL LEITE,greant1,0.991569995880127,223,1.0,0.3,0.013452914798206279,0.24285714285714283,R0
XC294719,squcuc1,Douglas Meyer,bobfly1,0.9900006055831909,231,0.25,0.1,0.004329004329004329,0.025,R0
XC294724,squcuc1,Douglas Meyer,squcuc1,0.9961316585540771,231,1.0,0.4,0.017316017316017316,0.24,R0
XC940505,squcuc1,Kauê Werner,pirfly1,0.9897462129592896,231,0.25,0.3,0.012987012987012988,0.07722222222222222,R0
XC216157,squcuc1,Amanda Perin Marcon,baffal1,0.9859380125999451,231,0.025,0.0,0.0,0.0,R0
XC549930,squcuc1,Bernabe Lopez-Lanus,barant1,0.9920487403869629,231,0.16666666666666666,0.2,0.008658008658008658,0.03666666666666667,R0
XC549933,squcuc1,Bernabe Lopez-Lanus,squcuc1,0.9983453154563904,231,1.0,0.5,0.021645021645021644,0.28174603174603174,R0
XC549936,squcuc1,Bernabe Lopez-Lanus,yeofly1,0.9960785508155823,231,0.2,0.1,0.004329004329004329,0.02,R0
XC247099,squcuc1,Joe Klaiber,banana,0.9953690767288208,231,0.007633587786259542,0.0,0.0,0.0,R0
XC246934,squcuc1,Joe Klaiber,strcuc1,0.9984722137451172,231,0.05,0.0,0.0,0.0,R0
XC656889,squcuc1,Luiz Fernando Matos,yeofly1,0.9933474063873291,231,0.045454545454545456,0.0,0.0,0.0,R0
XC299640,roahaw,Patrice Adret,sobtyr1,0.9966417551040649,159,0.3333333333333333,0.3,0.018867924528301886,0.1161904761904762,R0
XC372463,roahaw,Kent Livezey,bobfly1,0.9928330183029175,159,0.25,0.1,0.006289308176100629,0.025,R0
XC288830,roahaw,Diego Cueva,linwoo1,0.9965910315513611,159,0.5,0.1,0.006289308176100629,0.05,R0
XC129438,roahaw,Oscar Humberto Marin-Gomez,roahaw,0.9974905252456665,159,1.0,0.4,0.025157232704402517,0.3,R0
XC772769,roahaw,Sue Riffe,pabspi1,0.9916706681251526,159,0.08333333333333333,0.0,0.0,0.0,R0
XC716349,roahaw,Marcelo da Rocha,bobfly1,0.9935100674629211,159,0.5,0.2,0.012578616352201259,0.07857142857142857,R0
XC340156,roahaw,GABRIEL LEITE,bobfly1,0.9955291748046875,159,0.16666666666666666,0.2,0.012578616352201259,0.04523809523809523,R0
XC680705,roahaw,GABRIEL LEITE,yeofly1,0.9980109333992004,159,0.125,0.1,0.006289308176100629,0.0125,R0
XC235156,roahaw,cesar villamil,squcuc1,0.9971916675567627,159,0.022222222222222223,0.0,0.0,0.0,R0
XC19527,roahaw,Niels Krabbe,baffal1,0.9933927059173584,159,0.125,0.1,0.006289308176100629,0.0125,R0
XC738930,trsowl,Adrian Antunez,coffal1,0.9925829768180847,165,0.07142857142857142,0.0,0.0,0.0,R0
XC428741,trsowl,Diego Cueva,sobtyr1,0.9922663569450378,165,0.5,0.2,0.012121212121212121,0.075,R0
XC597121,trsowl,Marcela Morales sánchez,gycwor1,0.989556610584259,165,0.3333333333333333,0.1,0.006060606060606061,0.03333333333333333,R0
XC549975,trsowl,Bernabe Lopez-Lanus,coffal1,0.9952558279037476,165,0.14285714285714285,0.1,0.006060606060606061,0.014285714285714285,R0
XC135491,trsowl,William Adsett ,sobtyr1,0.9934178590774536,165,0.125,0.1,0.006060606060606061,0.0125,R0
XC572606,trsowl,Odirlei Vieira da Fonseca,banana,0.9808448553085327,165,0.5,0.1,0.006060606060606061,0.05,R0
XC236394,trsowl,Odirlei Vieira da Fonseca,baffal1,0.9899905323982239,165,0.3333333333333333,0.1,0.006060606060606061,0.03333333333333333,R0
XC447808,trsowl,Kent Livezey,bobfly1,0.9959837794303894,165,0.2,0.1,0.006060606060606061,0.02,R0
XC619067,trsowl,Capovilla Pablo H,banana,0.9879701137542725,165,0.2,0.1,0.006060606060606061,0.02,R0
XC730130,trsowl,Brian Cox,trsowl,0.990382194519043,165,1.0,0.3,0.01818181818181818,0.1775,R0
XC756928,banana,Igor Lazo,yeofly1,0.9951557517051697,203,0.25,0.4,0.019704433497536946,0.13583333333333333,R0
XC190593,banana,Gabriel Rosa,banana,0.9913076758384705,203,1.0,0.7,0.034482758620689655,0.5313095238095238,R0
XC247112,banana,Joe Klaiber,greant1,0.9960170984268188,203,0.03125,0.0,0.0,0.0,R0
XC561261,banana,Steve Hampton,squcuc1,0.9946627020835876,203,0.1111111111111111,0.1,0.0049261083743842365,0.01111111111111111,R0
XC127164,banana,pedrotêia,sobtyr1,0.9950942397117615,203,0.5,0.4,0.019704433497536946,0.16083333333333333,R0
XC169559,banana,GABRIEL LEITE,banana,0.9948195219039917,203,1.0,0.2,0.009852216748768473,0.13999999999999999,R0
XC241562,banana,Oscar Humberto Marín Gómez,banana,0.9971753358840942,203,1.0,0.6,0.029556650246305417,0.5233333333333332,R0
XC924739,banana,Sue Riffe,bobfly1,0.9926317930221558,203,0.5,0.6,0.029556650246305417,0.36583333333333334,R0
XC541448,banana,Cristhian David Gaitán García,yeofly1,0.9952471852302551,203,0.125,0.1,0.0049261083743842365,0.0125,R0
XC215467,banana,Terry Davis,whtdov,0.9970096349716187,203,0.5,0.2,0.009852216748768473,0.1,R0
XC29087,baffal1,Niels Krabbe,squcuc1,0.9950118660926819,181,0.125,0.1,0.0055248618784530384,0.0125,R0
XC29088,baffal1,Niels Krabbe,sobtyr1,0.9937542676925659,181,0.3333333333333333,0.2,0.011049723756906077,0.05333333333333333,R0
XC235886,baffal1,Niels Krabbe,barant1,0.9944848418235779,181,0.3333333333333333,0.3,0.016574585635359115,0.09666666666666665,R0
XC437953,baffal1,George Wagner,barant1,0.9942381978034973,181,0.3333333333333333,0.3,0.016574585635359115,0.08555555555555557,R0
XC192816,baffal1,Kassius Santos,baffal1,0.9971920847892761,181,1.0,0.6,0.03314917127071823,0.40888888888888886,R0
XC666482,baffal1,Odirlei Vieira da Fonseca,baffal1,0.9952949285507202,181,1.0,0.4,0.022099447513812154,0.3571428571428571,R0
XC727672,baffal1,Brian Cox,baffal1,0.9955506920814514,181,1.0,0.4,0.022099447513812154,0.24,R0
XC745799,baffal1,Jacob Wijpkema,barant1,0.9964945316314697,181,0.125,0.1,0.0055248618784530384,0.0125,R0
XC546400,baffal1,Ciro Albano,linwoo1,0.9899024963378906,181,0.25,0.3,0.016574585635359115,0.10785714285714285,R0
XC192815,baffal1,Kassius Santos,baffal1,0.9975358247756958,181,1.0,0.7,0.03867403314917127,0.5075000000000001,R0
XC539586,soulap1,Yoann Blanchon,soulap1,0.9945273399353027,137,1.0,0.4,0.029197080291970802,0.38,R0
XC9046,soulap1,Allen T. Chartier,soulap1,0.9953290820121765,137,1.0,0.7,0.051094890510948905,0.55,R0
XC562682,soulap1,Kent Livezey,banana,0.989355742931366,137,0.02857142857142857,0.0,0.0,0.0,R0
XC51500,soulap1,Bernabe Lopez-Lanus,soulap1,0.9936598539352417,137,1.0,0.4,0.029197080291970802,0.22063492063492066,R0
XC428133,soulap1,Caio Brito,soulap1,0.9937514662742615,137,1.0,0.7,0.051094890510948905,0.6080952380952381,R0
XC47141,soulap1,Niels Krabbe,soulap1,0.9901880621910095,137,1.0,0.7,0.051094890510948905,0.6361111111111111,R0
XC861228,soulap1,Paulo Alves,squcuc1,0.988750696182251,137,0.125,0.1,0.0072992700729927005,0.0125,R0
XC549503,soulap1,Bernabe Lopez-Lanus,soulap1,0.9938704967498779,137,1.0,0.6,0.043795620437956206,0.45464285714285707,R0
XC16003,soulap1,Niels Krabbe,soulap1,0.9944750070571899,137,1.0,0.2,0.014598540145985401,0.13333333333333333,R0
XC48574,soulap1,Bernabe Lopez-Lanus,soulap1,0.9967307448387146,137,1.0,0.6,0.043795620437956206,0.5314285714285714,R0
XC340516,strcuc1,Aves del NEA,whtdov,0.9975016713142395,154,0.016666666666666666,0.0,0.0,0.0,R0
XC340515,strcuc1,Aves del NEA,sobtyr1,0.9959338307380676,154,0.01694915254237288,0.0,0.0,0.0,R0
XC173304,strcuc1,Douglas Meyer,strcuc1,0.9936115145683289,154,1.0,0.3,0.01948051948051948,0.275,R0
XC114965,strcuc1,pedrotêia,strcuc1,0.9973349571228027,154,1.0,0.4,0.025974025974025976,0.26666666666666666,R0
XC349929,strcuc1,Kassius Santos,pirfly1,0.9945275783538818,154,0.5,0.2,0.012987012987012988,0.08333333333333333,R0
XC836228,strcuc1,Jacob Wijpkema,sobtyr1,0.9948076009750366,154,0.5,0.5,0.032467532467532464,0.3208333333333333,R0
XC508606,strcuc1,Niels Krabbe,yeofly1,0.9975545406341553,154,0.25,0.3,0.01948051948051948,0.09166666666666665,R0
XC593146,strcuc1,Marcelo da Rocha,sobtyr1,0.9957125186920166,154,0.07692307692307693,0.0,0.0,0.0,R0
XC240034,strcuc1,Oscar Humberto Marín Gómez,pirfly1,0.9979566335678101,154,0.25,0.1,0.006493506493506494,0.025,R0
XC114160,strcuc1,Sergio Chaparro-Herrera,yeofly1,0.9952806830406189,154,0.06666666666666667,0.0,0.0,0.0,R0
XC993685,pabspi1,Bernabe Lopez-Lanus,yeofly1,0.9974423050880432,125,0.05,0.0,0.0,0.0,R0
XC506225,pabspi1,Niels Krabbe,pabspi1,0.9963065981864929,125,1.0,0.5,0.04,0.33916666666666667,R0
XC687712,pabspi1,Niels Krabbe,pabspi1,0.9974536299705505,125,1.0,0.4,0.032,0.3571428571428571,R0
XC506234,pabspi1,Niels Krabbe,pabspi1,0.9973713755607605,125,1.0,0.5,0.04,0.4041666666666666,R0
XC452493,pabspi1,Marcelo Jordani Feliti,pirfly1,0.9962499737739563,125,0.05,0.0,0.0,0.0,R0
XC701947,pabspi1,Jacob Wijpkema,sobtyr1,0.9971034526824951,125,0.020833333333333332,0.0,0.0,0.0,R0
XC701948,pabspi1,Jacob Wijpkema,sobtyr1,0.9950317740440369,125,0.03333333333333333,0.0,0.0,0.0,R0
XC236174,pabspi1,Niels Krabbe,bobfly1,0.991402804851532,125,0.09090909090909091,0.0,0.0,0.0,R0
XC391585,pabspi1,Kent Livezey,roahaw,0.995252251625061,125,0.5,0.2,0.016,0.1,R0
XC236176,pabspi1,Niels Krabbe,bobfly1,0.9941291213035583,125,0.3333333333333333,0.3,0.024,0.11083333333333334,R0
XC268594,yeofly1,Fabrice Schmitt,coffal1,0.9971449971199036,266,0.3333333333333333,0.4,0.015037593984962405,0.17619047619047618,R0
XC361117,yeofly1,Niels Krabbe,squcuc1,0.9960547685623169,266,0.5,0.6,0.022556390977443608,0.38749999999999996,R0
XC250157,yeofly1,Niels Krabbe,strcuc1,0.9980012774467468,266,0.5,0.5,0.018796992481203006,0.2384126984126984,R0
XC46766,yeofly1,Bernabe Lopez-Lanus,coffal1,0.996483564376831,266,0.08333333333333333,0.0,0.0,0.0,R0
XC1031972,yeofly1,Jacob Wijpkema,trokin,0.9961936473846436,266,0.5,0.2,0.007518796992481203,0.06999999999999999,R0
XC187210,yeofly1,Marcelo O. Barbosa,yeofly1,0.9973138570785522,266,1.0,0.4,0.015037593984962405,0.24,R0
XC512409,yeofly1,Odemir Freitas Junior,pabspi1,0.9946639537811279,266,0.05555555555555555,0.0,0.0,0.0,R0
XC611913,yeofly1,Fabrice Schmitt,sobtyr1,0.9972482323646545,266,0.5,0.5,0.018796992481203006,0.3058333333333333,R0
XC268592,yeofly1,Fabrice Schmitt,pirfly1,0.9969492554664612,266,0.3333333333333333,0.3,0.011278195488721804,0.08555555555555557,R0
XC583955,yeofly1,Ciro Albano,yeofly1,0.9971133470535278,266,1.0,0.1,0.0037593984962406013,0.1,R0
XC192979,gycwor1,Diego Caiafa,sobtyr1,0.9907386898994446,141,0.04,0.0,0.0,0.0,R0
XC483682,gycwor1,Odemir Freitas Junior,strcuc1,0.9949934482574463,141,0.16666666666666666,0.1,0.0070921985815602835,0.016666666666666666,R0
XC772156,gycwor1,Niels Krabbe,baffal1,0.994678258895874,141,0.25,0.1,0.0070921985815602835,0.025,R0
XC501765,gycwor1,NUNES D&#039;ACOSTA,squcuc1,0.9959099888801575,141,0.07142857142857142,0.0,0.0,0.0,R0
XC1012395,gycwor1,Jacob Wijpkema,gycwor1,0.9871407151222229,141,1.0,0.7,0.04964539007092199,0.6164285714285714,R0
XC843813,gycwor1,Mateus Gonçalves Santos,gycwor1,0.9939871430397034,141,1.0,0.3,0.02127659574468085,0.16607142857142856,R0
XC216181,gycwor1,Kassius Santos,gycwor1,0.9950593113899231,141,1.0,0.7,0.04964539007092199,0.6777777777777778,R0
XC352281,gycwor1,Odirlei Vieira da Fonseca,barant1,0.9944894313812256,141,0.5,0.3,0.02127659574468085,0.12333333333333334,R0
XC335167,gycwor1,Alejandro Pinto-Gómez,linwoo1,0.9930641055107117,141,0.125,0.1,0.0070921985815602835,0.0125,R0
XC197443,gycwor1,Joe Klaiber,yeofly1,0.9956371188163757,141,0.1,0.1,0.0070921985815602835,0.01,R0
XC254120,compau,Joe Klaiber,baffal1,0.9958786368370056,142,0.08333333333333333,0.0,0.0,0.0,R0
XC225326,compau,Joe Klaiber,compau,0.9820891618728638,142,1.0,0.2,0.014084507042253521,0.15,R0
XC236447,compau,Odirlei Vieira da Fonseca,baffal1,0.9942787289619446,142,0.2,0.1,0.007042253521126761,0.02,R0
XC311012,compau,Nery Chanquin,linwoo1,0.9927713871002197,142,0.5,0.1,0.007042253521126761,0.05,R0
XC285306,compau,Paul Marvin,gycwor1,0.9908417463302612,142,0.14285714285714285,0.1,0.007042253521126761,0.014285714285714285,R0
XC592920,compau,Marcelo da Rocha,coffal1,0.9919253587722778,142,0.16666666666666666,0.2,0.014084507042253521,0.03888888888888888,R0
XC221567,compau,Joe Klaiber,linwoo1,0.987957775592804,142,0.05263157894736842,0.0,0.0,0.0,R0
XC630102,compau,Ana Carla Aquino,yeofly1,0.9931262135505676,142,0.047619047619047616,0.0,0.0,0.0,R0
XC427477,compau,Caio Brito,barant1,0.9960352182388306,142,0.0625,0.0,0.0,0.0,R0
XC943093,compau,Carlos Delgado JUMABITA,yeofly1,0.9885997772216797,142,0.017241379310344827,0.0,0.0,0.0,R0
XC433820,barant1,Marcelo Jordani Feliti,barant1,0.9939660429954529,198,1.0,0.3,0.015151515151515152,0.275,R0
XC459559,barant1,Marcelo Jordani Feliti,greant1,0.9904637932777405,198,0.3333333333333333,0.4,0.020202020202020204,0.14384920634920634,R0
XC732448,barant1,Jacob Wijpkema,baffal1,0.9965879917144775,198,0.5,0.2,0.010101010101010102,0.075,R0
XC716450,barant1,Hernán Arias,barant1,0.9933732151985168,198,1.0,0.4,0.020202020202020204,0.2816666666666666,R0
XC354908,barant1,GABRIEL LEITE,barant1,0.993756115436554,198,1.0,0.4,0.020202020202020204,0.28194444444444444,R0
XC428067,barant1,Caio Brito,baffal1,0.9973947405815125,198,0.14285714285714285,0.1,0.005050505050505051,0.014285714285714285,R0
XC685458,barant1,Jacob Wijpkema,compau,0.9892305135726929,198,0.07142857142857142,0.0,0.0,0.0,R0
XC676256,barant1,Jacob Wijpkema,barant1,0.9971277713775635,198,1.0,0.4,0.020202020202020204,0.27666666666666667,R0
XC443189,barant1,Rosendo Fraga,baffal1,0.9954114556312561,198,0.3333333333333333,0.2,0.010101010101010102,0.06666666666666667,R0
XC752776,barant1,GABRIEL LEITE,barant1,0.9969671368598938,198,1.0,0.5,0.025252525252525252,0.3296428571428572,R0
XC695270,pirfly1,Niels Krabbe,sobtyr1,0.9973965883255005,201,0.03125,0.0,0.0,0.0,R0
XC199153,pirfly1,Gabriel Rosa,pabspi1,0.9946260452270508,201,0.03571428571428571,0.0,0.0,0.0,R0
XC575453,pirfly1,Odirlei Vieira da Fonseca,strcuc1,0.9939122200012207,201,0.3333333333333333,0.1,0.004975124378109453,0.03333333333333333,R0
XC199221,pirfly1,Gabriel Rosa,strcuc1,0.9973708987236023,201,0.14285714285714285,0.1,0.004975124378109453,0.014285714285714285,R0
XC1050422,pirfly1,Mateus Gonçalves Santos,yeofly1,0.9966583847999573,201,0.0625,0.0,0.0,0.0,R0
XC249521,pirfly1,Niels Krabbe,pirfly1,0.9957540035247803,201,1.0,0.3,0.014925373134328358,0.24285714285714283,R0
XC249067,pirfly1,Niels Krabbe,banana,0.9906105995178223,201,0.3333333333333333,0.2,0.009950248756218905,0.06190476190476191,R0
XC249418,pirfly1,Niels Krabbe,pirfly1,0.9856588244438171,201,1.0,0.1,0.004975124378109453,0.1,R0
XC249520,pirfly1,Niels Krabbe,sobtyr1,0.9951152205467224,201,0.5,0.2,0.009950248756218905,0.09,R0
XC764117,pirfly1,Guilherme de Melo Becher,pirfly1,0.9981067180633545,201,1.0,0.3,0.014925373134328358,0.15833333333333333,R0
XC174648,linwoo1,Douglas Meyer,squcuc1,0.9908679127693176,184,0.08333333333333333,0.0,0.0,0.0,R0
XC550450,linwoo1,Bernabe Lopez-Lanus,baffal1,0.9959009885787964,184,0.0625,0.0,0.0,0.0,R0
XC550448,linwoo1,Bernabe Lopez-Lanus,squcuc1,0.9933553338050842,184,0.058823529411764705,0.0,0.0,0.0,R0
XC379497,linwoo1,Alberto Madroño,squcuc1,0.995667040348053,184,0.047619047619047616,0.0,0.0,0.0,R0
XC732161,linwoo1,Jacob Wijpkema,soulap1,0.9939385056495667,184,0.07142857142857142,0.0,0.0,0.0,R0
XC261880,linwoo1,Olaf Jahn,sobtyr1,0.9949057698249817,184,0.025,0.0,0.0,0.0,R0
XC250796,linwoo1,Niels Krabbe,roahaw,0.9960718750953674,184,0.1,0.1,0.005434782608695652,0.01,R0
XC542823,linwoo1,Fabrice Schmitt,sobtyr1,0.9968510270118713,184,0.05263157894736842,0.0,0.0,0.0,R0
XC688346,linwoo1,Andres Felipe Espinosa,coffal1,0.9919367432594299,184,0.16666666666666666,0.2,0.010869565217391304,0.03888888888888888,R0
XC197473,linwoo1,Joe Klaiber,linwoo1,0.9857896566390991,184,1.0,0.3,0.016304347826086956,0.16999999999999998,R0
XC238416,whtdov,Niels Krabbe,bobfly1,0.9945658445358276,192,0.3333333333333333,0.1,0.005208333333333333,0.03333333333333333,R0
XC235857,whtdov,Niels Krabbe,sobtyr1,0.993568480014801,192,0.043478260869565216,0.0,0.0,0.0,R0
XC238417,whtdov,Niels Krabbe,whtdov,0.9975758790969849,192,1.0,0.4,0.020833333333333332,0.24285714285714288,R0
XC294701,whtdov,Douglas Meyer,whtdov,0.9976070523262024,192,1.0,0.8,0.041666666666666664,0.7042063492063492,R0
XC388552,whtdov,Marcelo Jordani Feliti,sobtyr1,0.9986546039581299,192,0.5,0.4,0.020833333333333332,0.17063492063492064,R0
XC538235,whtdov,Yoann Blanchon,whtdov,0.9879774451255798,192,1.0,0.3,0.015625,0.1875,R0
XC716476,whtdov,Hernán Arias,pirfly1,0.9965201020240784,192,0.03571428571428571,0.0,0.0,0.0,R0
XC147509,whtdov,Paul Marvin,whtdov,0.9965078830718994,192,1.0,0.5,0.026041666666666668,0.4,R0
XC277692,whtdov,Paul Marvin,whtdov,0.9982885718345642,192,1.0,1.0,0.052083333333333336,1.0,R0
XC833664,whtdov,Marcelo O. Barbosa,sobtyr1,0.9966948628425598,192,0.3333333333333333,0.4,0.020833333333333332,0.1595238095238095,R0
XC469159,bobfly1,GABRIEL LEITE,strcuc1,0.9957001209259033,204,0.5,0.1,0.004901960784313725,0.05,R0
XC578500,bobfly1,Ciro Albano,roahaw,0.9928931593894958,204,0.5,0.3,0.014705882352941176,0.17666666666666667,R0
XC545844,bobfly1,Ciro Albano,pirfly1,0.9906675815582275,204,0.5,0.6,0.029411764705882353,0.3493650793650793,R0
XC427567,bobfly1,Caio Brito,pirfly1,0.9952542185783386,204,0.25,0.4,0.0196078431372549,0.16499999999999998,R0
XC583946,bobfly1,Ciro Albano,soulap1,0.9930046796798706,204,0.3333333333333333,0.4,0.0196078431372549,0.18333333333333332,R0
XC235872,bobfly1,Niels Krabbe,linwoo1,0.9936135411262512,204,0.5,0.5,0.024509803921568627,0.2980952380952381,R0
XC427566,bobfly1,Caio Brito,roahaw,0.9949172139167786,204,0.3333333333333333,0.4,0.0196078431372549,0.16333333333333333,R0
XC356904,bobfly1,Kent Livezey,soulap1,0.9942110776901245,204,0.058823529411764705,0.0,0.0,0.0,R0
XC841763,bobfly1,Niels Krabbe,coffal1,0.9952514171600342,204,0.08333333333333333,0.0,0.0,0.0,R0
XC666481,bobfly1,Odirlei Vieira da Fonseca,squcuc1,0.995204508304596,204,0.06666666666666667,0.0,0.0,0.0,R0
XC944466,trokin,Carlos Delgado JUMABITA,trokin,0.9983715415000916,155,1.0,0.4,0.025806451612903226,0.27749999999999997,R0
XC556661,trokin,Caio Brito,pabspi1,0.9930925369262695,155,0.0625,0.0,0.0,0.0,R0
XC131763,trokin,Oscar Humberto Marin-Gomez,strcuc1,0.9975677132606506,155,0.0625,0.0,0.0,0.0,R0
XC282322,trokin,Paul Marvin,trokin,0.9974727034568787,155,1.0,0.5,0.03225806451612903,0.37976190476190474,R0
XC287873,trokin,J.R. Rigby,squcuc1,0.9961610436439514,155,0.02,0.0,0.0,0.0,R0
XC944467,trokin,Carlos Delgado JUMABITA,trokin,0.9984773397445679,155,1.0,0.6,0.03870967741935484,0.49833333333333324,R0
XC690960,trokin,Jules Evens,yeofly1,0.9971646070480347,155,0.00909090909090909,0.0,0.0,0.0,R0
XC960832,trokin,Alejandra Moreno Rojas ,barant1,0.9969279766082764,155,0.023809523809523808,0.0,0.0,0.0,R0
XC490064,trokin,GABRIEL LEITE,banana,0.9937971830368042,155,0.03333333333333333,0.0,0.0,0.0,R0
XC282345,trokin,Paul Marvin,coffal1,0.9948807954788208,155,0.07692307692307693,0.0,0.0,0.0,R0
XC1011212,coffal1,Jacob Wijpkema,compau,0.8981963396072388,171,0.25,0.1,0.005847953216374269,0.025,R1
XC518849,coffal1,Marcelo da Rocha,coffal1,0.9363089203834534,171,1.0,0.6,0.03508771929824561,0.5380952380952382,R1
XC640029,coffal1,Ciro Albano,baffal1,0.924349844455719,171,0.5,0.6,0.03508771929824561,0.35297619047619044,R1
XC238626,coffal1,Niels Krabbe,coffal1,0.9528942108154297,171,1.0,0.8,0.04678362573099415,0.6818253968253967,R1
XC580510,coffal1,Kent Livezey,linwoo1,0.9223859906196594,171,0.3333333333333333,0.5,0.029239766081871343,0.25999999999999995,R1
XC841725,coffal1,Niels Krabbe,coffal1,0.9197863340377808,171,1.0,0.9,0.05263157894736842,0.9,R1
XC909155,coffal1,Luis Gomez,coffal1,0.9440916180610657,171,1.0,0.7,0.04093567251461988,0.6080952380952381,R1
XC597587,coffal1,Erik Camilo Gaitán López,coffal1,0.9379985332489014,171,1.0,0.4,0.023391812865497075,0.2733333333333333,R1
XC514068,coffal1,David Bradley,coffal1,0.8959863185882568,171,1.0,0.4,0.023391812865497075,0.28194444444444444,R1
XC915055,coffal1,Rodrigo Y Castro,coffal1,0.9998838901519775,171,1.0,0.9,0.05263157894736842,0.8788888888888889,R1
XC504846,sobtyr1,Iván Lau,banana,0.939795732498169,221,0.14285714285714285,0.1,0.004524886877828055,0.014285714285714285,R1
XC764623,sobtyr1,Niels Krabbe,sobtyr1,0.9588279724121094,221,1.0,1.0,0.04524886877828054,1.0,R1
XC653903,sobtyr1,Jacob Wijpkema,yeofly1,0.9063553214073181,221,0.25,0.3,0.013574660633484163,0.10785714285714285,R1
XC176886,sobtyr1,Douglas Meyer,sobtyr1,0.9672966599464417,221,1.0,0.5,0.02262443438914027,0.45555555555555555,R1
XC580800,sobtyr1,Javier Ricardo Salamanca-Reyes,strcuc1,0.9213471412658691,221,0.038461538461538464,0.0,0.0,0.0,R1
XC763522,sobtyr1,GABRIEL LEITE,gycwor1,0.947933554649353,221,0.043478260869565216,0.0,0.0,0.0,R1
XC612769,sobtyr1,Fabrice Schmitt,sobtyr1,0.909214198589325,221,1.0,0.2,0.00904977375565611,0.12857142857142856,R1
XC135348,sobtyr1,Dan Lane,pirfly1,0.9616267681121826,221,0.5,0.2,0.00904977375565611,0.11666666666666665,R1
XC1062368,sobtyr1,Jacob Wijpkema,sobtyr1,0.8617264032363892,221,1.0,0.5,0.02262443438914027,0.4222222222222222,R1
XC653904,sobtyr1,Jacob Wijpkema,sobtyr1,0.9596781730651855,221,1.0,0.8,0.03619909502262444,0.736547619047619,R1
XC348691,greant1,Blas Fandiño,greant1,0.9345632791519165,223,1.0,1.0,0.04484304932735426,1.0,R1
XC397818,greant1,Federico Ferrer,greant1,0.9400279521942139,223,1.0,1.0,0.04484304932735426,1.0,R1
XC50033,greant1,Bernabe Lopez-Lanus,squcuc1,0.9268157482147217,223,0.2,0.1,0.004484304932735426,0.02,R1
XC388556,greant1,Marcelo Jordani Feliti,greant1,0.9503275156021118,223,1.0,0.4,0.017937219730941704,0.315,R1
XC433819,greant1,Marcelo Jordani Feliti,greant1,0.9593133330345154,223,1.0,1.0,0.04484304932735426,1.0,R1
XC123928,greant1,GABRIEL LEITE,greant1,0.9392025470733643,223,1.0,1.0,0.04484304932735426,1.0,R1
XC489684,greant1,Jacob Wijpkema,greant1,0.9597811102867126,223,1.0,0.3,0.013452914798206279,0.19,R1
XC452472,greant1,Marcelo Jordani Feliti,greant1,0.9520823359489441,223,1.0,0.8,0.03587443946188341,0.7254365079365078,R1
XC616309,greant1,Fabrice Schmitt,bobfly1,0.944731593132019,223,0.011904761904761904,0.0,0.0,0.0,R1
XC118887,greant1,GABRIEL LEITE,barant1,0.9301307201385498,223,0.03225806451612903,0.0,0.0,0.0,R1
XC294719,squcuc1,Douglas Meyer,squcuc1,0.9167065024375916,231,1.0,0.8,0.03463203463203463,0.7577777777777778,R1
XC294724,squcuc1,Douglas Meyer,squcuc1,0.9631094336509705,231,1.0,1.0,0.04329004329004329,1.0,R1
XC940505,squcuc1,Kauê Werner,squcuc1,0.9192837476730347,231,1.0,0.7,0.030303030303030304,0.5714285714285714,R1
XC216157,squcuc1,Amanda Perin Marcon,squcuc1,0.9674299955368042,231,1.0,0.3,0.012987012987012988,0.2375,R1
XC549930,squcuc1,Bernabe Lopez-Lanus,squcuc1,0.9569505453109741,231,1.0,0.4,0.017316017316017316,0.2928571428571428,R1
XC549933,squcuc1,Bernabe Lopez-Lanus,bobfly1,0.9175053238868713,231,0.3333333333333333,0.3,0.012987012987012988,0.10952380952380951,R1
XC549936,squcuc1,Bernabe Lopez-Lanus,greant1,0.9027684926986694,231,0.25,0.2,0.008658008658008658,0.05833333333333333,R1
XC247099,squcuc1,Joe Klaiber,squcuc1,0.9350631237030029,231,1.0,0.1,0.004329004329004329,0.1,R1
XC246934,squcuc1,Joe Klaiber,barant1,0.9302291870117188,231,0.16666666666666666,0.1,0.004329004329004329,0.016666666666666666,R1
XC656889,squcuc1,Luiz Fernando Matos,bobfly1,0.9724957942962646,231,0.3333333333333333,0.2,0.008658008658008658,0.06666666666666667,R1
XC299640,roahaw,Patrice Adret,roahaw,0.932677686214447,159,1.0,0.5,0.031446540880503145,0.4105555555555555,R1
XC372463,roahaw,Kent Livezey,soulap1,0.9164205193519592,159,0.3333333333333333,0.4,0.025157232704402517,0.1561904761904762,R1
XC288830,roahaw,Diego Cueva,roahaw,0.9520798921585083,159,1.0,0.8,0.050314465408805034,0.788888888888889,R1
XC129438,roahaw,Oscar Humberto Marin-Gomez,roahaw,0.9553501605987549,159,1.0,0.6,0.03773584905660377,0.4730952380952381,R1
XC772769,roahaw,Sue Riffe,roahaw,0.9460972547531128,159,1.0,0.8,0.050314465408805034,0.7763888888888889,R1
XC716349,roahaw,Marcelo da Rocha,roahaw,0.9321585893630981,159,1.0,0.5,0.031446540880503145,0.3930952380952381,R1
XC340156,roahaw,GABRIEL LEITE,roahaw,0.9317817091941833,159,1.0,0.6,0.03773584905660377,0.55,R1
XC680705,roahaw,GABRIEL LEITE,roahaw,0.9330247044563293,159,1.0,1.0,0.06289308176100629,1.0,R1
XC235156,roahaw,cesar villamil,banana,0.9456319212913513,159,0.07692307692307693,0.0,0.0,0.0,R1
XC19527,roahaw,Niels Krabbe,linwoo1,0.8360854983329773,159,0.25,0.2,0.012578616352201259,0.065,R1
XC738930,trsowl,Adrian Antunez,barant1,0.9018467664718628,165,0.07692307692307693,0.0,0.0,0.0,R1
XC428741,trsowl,Diego Cueva,trsowl,0.9231955409049988,165,1.0,0.7,0.04242424242424243,0.5964285714285714,R1
XC597121,trsowl,Marcela Morales sánchez,trsowl,0.9518624544143677,165,1.0,1.0,0.06060606060606061,1.0,R1
XC549975,trsowl,Bernabe Lopez-Lanus,trsowl,0.9470820426940918,165,1.0,1.0,0.06060606060606061,1.0,R1
XC135491,trsowl,William Adsett ,trsowl,0.9479228854179382,165,1.0,0.9,0.05454545454545454,0.9,R1
XC572606,trsowl,Odirlei Vieira da Fonseca,trsowl,0.8950178623199463,165,1.0,0.5,0.030303030303030304,0.39722222222222225,R1
XC236394,trsowl,Odirlei Vieira da Fonseca,trsowl,0.9408361911773682,165,1.0,0.9,0.05454545454545454,0.866388888888889,R1
XC447808,trsowl,Kent Livezey,compau,0.9757307171821594,165,0.038461538461538464,0.0,0.0,0.0,R1
XC619067,trsowl,Capovilla Pablo H,trsowl,0.9055842757225037,165,1.0,0.8,0.048484848484848485,0.8,R1
XC730130,trsowl,Brian Cox,trsowl,0.9216077923774719,165,1.0,0.4,0.024242424242424242,0.24444444444444446,R1
XC756928,banana,Igor Lazo,banana,0.9631964564323425,203,1.0,0.3,0.014778325123152709,0.15857142857142856,R1
XC190593,banana,Gabriel Rosa,banana,0.9489830732345581,203,1.0,0.7,0.034482758620689655,0.5940476190476189,R1
XC247112,banana,Joe Klaiber,banana,0.9571719765663147,203,1.0,0.3,0.014778325123152709,0.16999999999999998,R1
XC561261,banana,Steve Hampton,trokin,0.9327602982521057,203,0.1111111111111111,0.1,0.0049261083743842365,0.01111111111111111,R1
XC127164,banana,pedrotêia,yeofly1,0.9326722025871277,203,0.14285714285714285,0.3,0.014778325123152709,0.07261904761904761,R1
XC169559,banana,GABRIEL LEITE,banana,0.958197295665741,203,1.0,0.2,0.009852216748768473,0.13333333333333333,R1
XC241562,banana,Oscar Humberto Marín Gómez,banana,0.9466266632080078,203,1.0,0.7,0.034482758620689655,0.6268253968253967,R1
XC924739,banana,Sue Riffe,linwoo1,0.8837899565696716,203,0.2,0.1,0.0049261083743842365,0.02,R1
XC541448,banana,Cristhian David Gaitán García,baffal1,0.9579899311065674,203,0.3333333333333333,0.1,0.0049261083743842365,0.03333333333333333,R1
XC215467,banana,Terry Davis,yeofly1,0.9523960947990417,203,0.5,0.5,0.024630541871921183,0.2671428571428572,R1
XC29087,baffal1,Niels Krabbe,gycwor1,0.9171831011772156,181,0.3333333333333333,0.5,0.027624309392265192,0.2261904761904762,R1
XC29088,baffal1,Niels Krabbe,baffal1,0.923412561416626,181,1.0,0.6,0.03314917127071823,0.4230952380952381,R1
XC235886,baffal1,Niels Krabbe,compau,0.8958157300949097,181,0.5,0.4,0.022099447513812154,0.18194444444444444,R1
XC437953,baffal1,George Wagner,baffal1,0.9448094367980957,181,1.0,0.6,0.03314917127071823,0.5857142857142856,R1
XC192816,baffal1,Kassius Santos,baffal1,0.9559415578842163,181,1.0,0.8,0.04419889502762431,0.7327777777777778,R1
XC666482,baffal1,Odirlei Vieira da Fonseca,baffal1,0.9142910242080688,181,1.0,0.9,0.049723756906077346,0.8154365079365078,R1
XC727672,baffal1,Brian Cox,baffal1,0.9026546478271484,181,1.0,0.9,0.049723756906077346,0.866388888888889,R1
XC745799,baffal1,Jacob Wijpkema,baffal1,0.9654650688171387,181,1.0,0.1,0.0055248618784530384,0.1,R1
XC546400,baffal1,Ciro Albano,baffal1,0.8957290053367615,181,1.0,1.0,0.055248618784530384,1.0,R1
XC192815,baffal1,Kassius Santos,baffal1,0.9398462176322937,181,1.0,1.0,0.055248618784530384,1.0,R1
XC539586,soulap1,Yoann Blanchon,soulap1,0.9289081692695618,137,1.0,1.0,0.072992700729927,1.0,R1
XC9046,soulap1,Allen T. Chartier,soulap1,0.908251941204071,137,1.0,0.9,0.06569343065693431,0.8788888888888889,R1
XC562682,soulap1,Kent Livezey,soulap1,0.9137414693832397,137,1.0,0.7,0.051094890510948905,0.5208333333333334,R1
XC51500,soulap1,Bernabe Lopez-Lanus,coffal1,0.9288565516471863,137,0.5,0.7,0.051094890510948905,0.45087301587301587,R1
XC428133,soulap1,Caio Brito,soulap1,0.9444118738174438,137,1.0,1.0,0.072992700729927,1.0,R1
XC47141,soulap1,Niels Krabbe,soulap1,0.9244427680969238,137,1.0,0.5,0.0364963503649635,0.5,R1
XC861228,soulap1,Paulo Alves,soulap1,0.8921172022819519,137,1.0,0.3,0.021897810218978103,0.2095238095238095,R1
XC549503,soulap1,Bernabe Lopez-Lanus,soulap1,0.8995345830917358,137,1.0,0.8,0.058394160583941604,0.7268253968253967,R1
XC16003,soulap1,Niels Krabbe,soulap1,0.9357165098190308,137,1.0,1.0,0.072992700729927,1.0,R1
XC48574,soulap1,Bernabe Lopez-Lanus,soulap1,0.9228866100311279,137,1.0,0.8,0.058394160583941604,0.788888888888889,R1
XC340516,strcuc1,Aves del NEA,squcuc1,0.9274014830589294,154,0.3333333333333333,0.6,0.03896103896103896,0.3096428571428571,R1
XC340515,strcuc1,Aves del NEA,sobtyr1,0.8422316312789917,154,0.5,0.5,0.032467532467532464,0.2373015873015873,R1
XC173304,strcuc1,Douglas Meyer,strcuc1,0.9538607001304626,154,1.0,0.7,0.045454545454545456,0.7,R1
XC114965,strcuc1,pedrotêia,squcuc1,0.941449761390686,154,0.16666666666666666,0.1,0.006493506493506494,0.016666666666666666,R1
XC349929,strcuc1,Kassius Santos,strcuc1,0.9699019193649292,154,1.0,0.9,0.05844155844155844,0.8788888888888889,R1
XC836228,strcuc1,Jacob Wijpkema,pirfly1,0.9425486922264099,154,0.5,0.5,0.032467532467532464,0.26964285714285713,R1
XC508606,strcuc1,Niels Krabbe,sobtyr1,0.9622619152069092,154,0.3333333333333333,0.3,0.01948051948051948,0.1161904761904762,R1
XC593146,strcuc1,Marcelo da Rocha,strcuc1,0.9458091855049133,154,1.0,0.6,0.03896103896103896,0.4597619047619048,R1
XC240034,strcuc1,Oscar Humberto Marín Gómez,strcuc1,0.9508779048919678,154,1.0,1.0,0.06493506493506493,1.0,R1
XC114160,strcuc1,Sergio Chaparro-Herrera,strcuc1,0.9270987510681152,154,1.0,0.7,0.045454545454545456,0.5580952380952381,R1
XC993685,pabspi1,Bernabe Lopez-Lanus,trokin,0.9472745060920715,125,0.5,0.7,0.056,0.5000000000000001,R1
XC506225,pabspi1,Niels Krabbe,pabspi1,0.9365409016609192,125,1.0,0.5,0.04,0.37666666666666665,R1
XC687712,pabspi1,Niels Krabbe,pabspi1,0.9814598560333252,125,1.0,0.6,0.048,0.575,R1
XC506234,pabspi1,Niels Krabbe,yeofly1,0.9147776961326599,125,0.5,0.4,0.032,0.18285714285714286,R1
XC452493,pabspi1,Marcelo Jordani Feliti,pabspi1,0.9534260630607605,125,1.0,0.4,0.032,0.31,R1
XC701947,pabspi1,Jacob Wijpkema,pabspi1,0.9478939175605774,125,1.0,0.1,0.008,0.1,R1
XC701948,pabspi1,Jacob Wijpkema,squcuc1,0.941750168800354,125,0.06666666666666667,0.0,0.0,0.0,R1
XC236174,pabspi1,Niels Krabbe,coffal1,0.9629220962524414,125,0.16666666666666666,0.1,0.008,0.016666666666666666,R1
XC391585,pabspi1,Kent Livezey,pabspi1,0.9512397050857544,125,1.0,0.8,0.064,0.7327777777777778,R1
XC236176,pabspi1,Niels Krabbe,pabspi1,0.9743791818618774,125,1.0,0.4,0.032,0.3416666666666667,R1
XC268594,yeofly1,Fabrice Schmitt,yeofly1,0.9772380590438843,266,1.0,0.6,0.022556390977443608,0.34174603174603174,R1
XC361117,yeofly1,Niels Krabbe,bobfly1,0.9440596699714661,266,0.09090909090909091,0.0,0.0,0.0,R1
XC250157,yeofly1,Niels Krabbe,yeofly1,0.9375958442687988,266,1.0,0.2,0.007518796992481203,0.12222222222222223,R1
XC46766,yeofly1,Bernabe Lopez-Lanus,pirfly1,0.9699815511703491,266,0.3333333333333333,0.5,0.018796992481203006,0.24047619047619045,R1
XC1031972,yeofly1,Jacob Wijpkema,pirfly1,0.9387993216514587,266,0.14285714285714285,0.1,0.0037593984962406013,0.014285714285714285,R1
XC187210,yeofly1,Marcelo O. Barbosa,yeofly1,0.9667239189147949,266,1.0,0.5,0.018796992481203006,0.37976190476190474,R1
XC512409,yeofly1,Odemir Freitas Junior,barant1,0.9399951696395874,266,0.14285714285714285,0.1,0.0037593984962406013,0.014285714285714285,R1
XC611913,yeofly1,Fabrice Schmitt,pirfly1,0.980380654335022,266,0.3333333333333333,0.3,0.011278195488721804,0.09666666666666665,R1
XC268592,yeofly1,Fabrice Schmitt,yeofly1,0.9751054048538208,266,1.0,0.7,0.02631578947368421,0.5684920634920634,R1
XC583955,yeofly1,Ciro Albano,yeofly1,0.9803271293640137,266,1.0,0.8,0.03007518796992481,0.736547619047619,R1
XC192979,gycwor1,Diego Caiafa,barant1,0.8360219597816467,141,0.1111111111111111,0.2,0.014184397163120567,0.03111111111111111,R1
XC483682,gycwor1,Odemir Freitas Junior,gycwor1,0.9333604574203491,141,1.0,1.0,0.07092198581560284,1.0,R1
XC772156,gycwor1,Niels Krabbe,gycwor1,0.9289412498474121,141,1.0,1.0,0.07092198581560284,1.0,R1
XC501765,gycwor1,NUNES D&#039;ACOSTA,barant1,0.8536863327026367,141,0.03125,0.0,0.0,0.0,R1
XC1012395,gycwor1,Jacob Wijpkema,gycwor1,0.8711986541748047,141,1.0,0.8,0.05673758865248227,0.7434920634920634,R1
XC843813,gycwor1,Mateus Gonçalves Santos,baffal1,0.9379252195358276,141,0.3333333333333333,0.5,0.03546099290780142,0.27249999999999996,R1
XC216181,gycwor1,Kassius Santos,gycwor1,0.9229632019996643,141,1.0,1.0,0.07092198581560284,1.0,R1
XC352281,gycwor1,Odirlei Vieira da Fonseca,gycwor1,0.931963324546814,141,1.0,0.9,0.06382978723404255,0.9,R1
XC335167,gycwor1,Alejandro Pinto-Gómez,gycwor1,0.9209780693054199,141,1.0,0.9,0.06382978723404255,0.89,R1
XC197443,gycwor1,Joe Klaiber,pabspi1,0.9027261137962341,141,0.3333333333333333,0.1,0.0070921985815602835,0.03333333333333333,R1
XC254120,compau,Joe Klaiber,compau,0.9158220887184143,142,1.0,0.4,0.028169014084507043,0.26,R1
XC225326,compau,Joe Klaiber,sobtyr1,0.9251798391342163,142,0.06666666666666667,0.0,0.0,0.0,R1
XC236447,compau,Odirlei Vieira da Fonseca,compau,0.9400191307067871,142,1.0,0.9,0.06338028169014084,0.866388888888889,R1
XC311012,compau,Nery Chanquin,compau,0.9358418583869934,142,1.0,1.0,0.07042253521126761,1.0,R1
XC285306,compau,Paul Marvin,compau,0.9001036882400513,142,1.0,0.7,0.04929577464788732,0.67,R1
XC592920,compau,Marcelo da Rocha,baffal1,0.9165270328521729,142,0.3333333333333333,0.1,0.007042253521126761,0.03333333333333333,R1
XC221567,compau,Joe Klaiber,compau,0.9428979754447937,142,1.0,0.9,0.06338028169014084,0.9,R1
XC630102,compau,Ana Carla Aquino,coffal1,0.8993313312530518,142,0.07142857142857142,0.0,0.0,0.0,R1
XC427477,compau,Caio Brito,compau,0.9424931406974792,142,1.0,0.5,0.035211267605633804,0.5,R1
XC943093,compau,Carlos Delgado JUMABITA,compau,0.94158536195755,142,1.0,0.8,0.056338028169014086,0.7532142857142856,R1
XC433820,barant1,Marcelo Jordani Feliti,barant1,0.9243911504745483,198,1.0,0.8,0.04040404040404041,0.7532142857142856,R1
XC459559,barant1,Marcelo Jordani Feliti,squcuc1,0.8945474028587341,198,0.3333333333333333,0.4,0.020202020202020204,0.13166666666666665,R1
XC732448,barant1,Jacob Wijpkema,baffal1,0.8977527618408203,198,0.5,0.1,0.005050505050505051,0.05,R1
XC716450,barant1,Hernán Arias,barant1,0.9598231911659241,198,1.0,1.0,0.050505050505050504,1.0,R1
XC354908,barant1,GABRIEL LEITE,barant1,0.9291422367095947,198,1.0,0.7,0.03535353535353535,0.6366666666666667,R1
XC428067,barant1,Caio Brito,coffal1,0.9691526293754578,198,0.5,0.4,0.020202020202020204,0.19444444444444445,R1
XC685458,barant1,Jacob Wijpkema,barant1,0.9550966024398804,198,1.0,0.9,0.045454545454545456,0.8788888888888889,R1
XC676256,barant1,Jacob Wijpkema,barant1,0.9384617805480957,198,1.0,0.9,0.045454545454545456,0.8788888888888889,R1
XC443189,barant1,Rosendo Fraga,barant1,0.9016942381858826,198,1.0,0.6,0.030303030303030304,0.513095238095238,R1
XC752776,barant1,GABRIEL LEITE,barant1,0.919255793094635,198,1.0,0.9,0.045454545454545456,0.89,R1
XC695270,pirfly1,Niels Krabbe,pirfly1,0.9803730249404907,201,1.0,0.3,0.014925373134328358,0.16666666666666666,R1
XC199153,pirfly1,Gabriel Rosa,sobtyr1,0.9390597343444824,201,0.019230769230769232,0.0,0.0,0.0,R1
XC575453,pirfly1,Odirlei Vieira da Fonseca,strcuc1,0.9382094144821167,201,0.3333333333333333,0.2,0.009950248756218905,0.07333333333333333,R1
XC199221,pirfly1,Gabriel Rosa,pirfly1,0.967316210269928,201,1.0,0.5,0.024875621890547265,0.3555555555555555,R1
XC1050422,pirfly1,Mateus Gonçalves Santos,pirfly1,0.9771500825881958,201,1.0,0.7,0.03482587064676617,0.5063095238095239,R1
XC249521,pirfly1,Niels Krabbe,whtdov,0.9090917706489563,201,0.25,0.2,0.009950248756218905,0.065,R1
XC249067,pirfly1,Niels Krabbe,strcuc1,0.9159622192382812,201,0.09090909090909091,0.0,0.0,0.0,R1
XC249418,pirfly1,Niels Krabbe,trokin,0.9548672437667847,201,0.3333333333333333,0.3,0.014925373134328358,0.08833333333333333,R1
XC249520,pirfly1,Niels Krabbe,pirfly1,0.9765354990959167,201,1.0,0.5,0.024875621890547265,0.36944444444444446,R1
XC764117,pirfly1,Guilherme de Melo Becher,pirfly1,0.9504287838935852,201,1.0,0.2,0.009950248756218905,0.13333333333333333,R1
XC174648,linwoo1,Douglas Meyer,greant1,0.9384422898292542,184,0.1111111111111111,0.1,0.005434782608695652,0.01111111111111111,R1
XC550450,linwoo1,Bernabe Lopez-Lanus,barant1,0.9305283427238464,184,0.5,0.5,0.02717391304347826,0.2261904761904762,R1
XC550448,linwoo1,Bernabe Lopez-Lanus,linwoo1,0.935393214225769,184,1.0,0.3,0.016304347826086956,0.26,R1
XC379497,linwoo1,Alberto Madroño,linwoo1,0.8723676800727844,184,1.0,0.9,0.04891304347826087,0.8788888888888889,R1
XC732161,linwoo1,Jacob Wijpkema,linwoo1,0.8710400462150574,184,1.0,0.8,0.043478260869565216,0.7621031746031746,R1
XC261880,linwoo1,Olaf Jahn,whtdov,0.9426284432411194,184,0.16666666666666666,0.1,0.005434782608695652,0.016666666666666666,R1
XC250796,linwoo1,Niels Krabbe,linwoo1,0.8993792533874512,184,1.0,0.1,0.005434782608695652,0.1,R1
XC542823,linwoo1,Fabrice Schmitt,baffal1,0.884113073348999,184,0.5,0.3,0.016304347826086956,0.12083333333333332,R1
XC688346,linwoo1,Andres Felipe Espinosa,yeofly1,0.9436571002006531,184,0.1,0.1,0.005434782608695652,0.01,R1
XC197473,linwoo1,Joe Klaiber,coffal1,0.9235910773277283,184,0.5,0.5,0.02717391304347826,0.2596428571428572,R1
XC238416,whtdov,Niels Krabbe,trsowl,0.8726400136947632,192,0.5,0.8,0.041666666666666664,0.5308730158730158,R1
XC235857,whtdov,Niels Krabbe,greant1,0.9054479002952576,192,0.058823529411764705,0.0,0.0,0.0,R1
XC238417,whtdov,Niels Krabbe,pirfly1,0.9467650651931763,192,0.3333333333333333,0.4,0.020833333333333332,0.16083333333333333,R1
XC294701,whtdov,Douglas Meyer,whtdov,0.941474974155426,192,1.0,0.9,0.046875,0.8788888888888889,R1
XC388552,whtdov,Marcelo Jordani Feliti,whtdov,0.9096471071243286,192,1.0,1.0,0.052083333333333336,1.0,R1
XC538235,whtdov,Yoann Blanchon,whtdov,0.9123582243919373,192,1.0,0.7,0.036458333333333336,0.6268253968253967,R1
XC716476,whtdov,Hernán Arias,pirfly1,0.9094671607017517,192,0.3333333333333333,0.1,0.005208333333333333,0.03333333333333333,R1
XC147509,whtdov,Paul Marvin,whtdov,0.9570243954658508,192,1.0,0.6,0.03125,0.4716666666666667,R1
XC277692,whtdov,Paul Marvin,trsowl,0.8951858282089233,192,0.3333333333333333,0.5,0.026041666666666668,0.2333333333333333,R1
XC833664,whtdov,Marcelo O. Barbosa,banana,0.94806969165802,192,0.5,0.3,0.015625,0.12083333333333332,R1
XC469159,bobfly1,GABRIEL LEITE,bobfly1,0.9329450130462646,204,1.0,0.5,0.024509803921568627,0.35444444444444445,R1
XC578500,bobfly1,Ciro Albano,bobfly1,0.9114497900009155,204,1.0,0.7,0.03431372549019608,0.591111111111111,R1
XC545844,bobfly1,Ciro Albano,yeofly1,0.9317250847816467,204,0.5,0.3,0.014705882352941176,0.17666666666666667,R1
XC427567,bobfly1,Caio Brito,sobtyr1,0.920387864112854,204,0.14285714285714285,0.2,0.00980392156862745,0.03428571428571429,R1
XC583946,bobfly1,Ciro Albano,bobfly1,0.9448438882827759,204,1.0,0.7,0.03431372549019608,0.5325396825396825,R1
XC235872,bobfly1,Niels Krabbe,roahaw,0.9242483377456665,204,0.25,0.4,0.0196078431372549,0.14563492063492062,R1
XC427566,bobfly1,Caio Brito,bobfly1,0.9204108119010925,204,1.0,0.7,0.03431372549019608,0.49309523809523814,R1
XC356904,bobfly1,Kent Livezey,bobfly1,0.9276825189590454,204,1.0,0.8,0.0392156862745098,0.6308730158730158,R1
XC841763,bobfly1,Niels Krabbe,bobfly1,0.9653292298316956,204,1.0,0.6,0.029411764705882353,0.4647619047619048,R1
XC666481,bobfly1,Odirlei Vieira da Fonseca,squcuc1,0.9509127736091614,204,0.14285714285714285,0.1,0.004901960784313725,0.014285714285714285,R1
XC944466,trokin,Carlos Delgado JUMABITA,pabspi1,0.9652423858642578,155,0.045454545454545456,0.0,0.0,0.0,R1
XC556661,trokin,Caio Brito,bobfly1,0.9663556814193726,155,0.08333333333333333,0.0,0.0,0.0,R1
XC131763,trokin,Oscar Humberto Marin-Gomez,yeofly1,0.9650651216506958,155,0.1111111111111111,0.1,0.0064516129032258064,0.01111111111111111,R1
XC282322,trokin,Paul Marvin,trokin,0.9697049856185913,155,1.0,0.9,0.05806451612903226,0.866388888888889,R1
XC287873,trokin,J.R. Rigby,yeofly1,0.941428542137146,155,0.16666666666666666,0.1,0.0064516129032258064,0.016666666666666666,R1
XC944467,trokin,Carlos Delgado JUMABITA,yeofly1,0.9686121940612793,155,0.02564102564102564,0.0,0.0,0.0,R1
XC690960,trokin,Jules Evens,trokin,0.9441364407539368,155,1.0,0.8,0.05161290322580645,0.7675,R1
XC960832,trokin,Alejandra Moreno Rojas ,soulap1,0.9794481992721558,155,0.022727272727272728,0.0,0.0,0.0,R1
XC490064,trokin,GABRIEL LEITE,yeofly1,0.9571041464805603,155,0.14285714285714285,0.2,0.012903225806451613,0.039285714285714285,R1
XC282345,trokin,Paul Marvin,trokin,0.9510875940322876,155,1.0,0.8,0.05161290322580645,0.716547619047619,R1
XC1011212,coffal1,Jacob Wijpkema,coffal1,0.7536852359771729,171,1.0,1.0,0.05847953216374269,1.0,R2
XC518849,coffal1,Marcelo da Rocha,coffal1,0.8303714990615845,171,1.0,1.0,0.05847953216374269,1.0,R2
XC640029,coffal1,Ciro Albano,coffal1,0.8310445547103882,171,1.0,1.0,0.05847953216374269,1.0,R2
XC238626,coffal1,Niels Krabbe,coffal1,0.8805562257766724,171,1.0,1.0,0.05847953216374269,1.0,R2
XC580510,coffal1,Kent Livezey,coffal1,0.8039709329605103,171,1.0,1.0,0.05847953216374269,1.0,R2
XC841725,coffal1,Niels Krabbe,coffal1,0.7582051753997803,171,1.0,1.0,0.05847953216374269,1.0,R2
XC909155,coffal1,Luis Gomez,coffal1,0.8221898674964905,171,1.0,1.0,0.05847953216374269,1.0,R2
XC597587,coffal1,Erik Camilo Gaitán López,coffal1,0.8572399616241455,171,1.0,1.0,0.05847953216374269,1.0,R2
XC514068,coffal1,David Bradley,coffal1,0.7949597835540771,171,1.0,1.0,0.05847953216374269,1.0,R2
XC915055,coffal1,Rodrigo Y Castro,coffal1,0.9999118447303772,171,1.0,1.0,0.05847953216374269,1.0,R2
XC504846,sobtyr1,Iván Lau,sobtyr1,0.7197726368904114,221,1.0,1.0,0.04524886877828054,1.0,R2
XC764623,sobtyr1,Niels Krabbe,sobtyr1,0.8080759048461914,221,1.0,1.0,0.04524886877828054,1.0,R2
XC653903,sobtyr1,Jacob Wijpkema,sobtyr1,0.7869851589202881,221,1.0,1.0,0.04524886877828054,1.0,R2
XC176886,sobtyr1,Douglas Meyer,sobtyr1,0.8225744962692261,221,1.0,1.0,0.04524886877828054,1.0,R2
XC580800,sobtyr1,Javier Ricardo Salamanca-Reyes,strcuc1,0.6389029622077942,221,0.5,0.4,0.01809954751131222,0.20714285714285713,R2
XC763522,sobtyr1,GABRIEL LEITE,sobtyr1,0.7978628277778625,221,1.0,1.0,0.04524886877828054,1.0,R2
XC612769,sobtyr1,Fabrice Schmitt,sobtyr1,0.7069284319877625,221,1.0,1.0,0.04524886877828054,1.0,R2
XC135348,sobtyr1,Dan Lane,sobtyr1,0.7225615382194519,221,1.0,0.9,0.04072398190045249,0.8521031746031745,R2
XC1062368,sobtyr1,Jacob Wijpkema,sobtyr1,0.7158876657485962,221,1.0,1.0,0.04524886877828054,1.0,R2
XC653904,sobtyr1,Jacob Wijpkema,sobtyr1,0.6734209060668945,221,1.0,1.0,0.04524886877828054,1.0,R2
XC348691,greant1,Blas Fandiño,greant1,0.7887390851974487,223,1.0,1.0,0.04484304932735426,1.0,R2
XC397818,greant1,Federico Ferrer,greant1,0.8078824281692505,223,1.0,1.0,0.04484304932735426,1.0,R2
XC50033,greant1,Bernabe Lopez-Lanus,greant1,0.7250969409942627,223,1.0,1.0,0.04484304932735426,1.0,R2
XC388556,greant1,Marcelo Jordani Feliti,greant1,0.6917413473129272,223,1.0,1.0,0.04484304932735426,1.0,R2
XC433819,greant1,Marcelo Jordani Feliti,greant1,0.8695682287216187,223,1.0,1.0,0.04484304932735426,1.0,R2
XC123928,greant1,GABRIEL LEITE,greant1,0.7480771541595459,223,1.0,1.0,0.04484304932735426,1.0,R2
XC489684,greant1,Jacob Wijpkema,greant1,0.7878821492195129,223,1.0,1.0,0.04484304932735426,1.0,R2
XC452472,greant1,Marcelo Jordani Feliti,greant1,0.8287245631217957,223,1.0,1.0,0.04484304932735426,1.0,R2
XC616309,greant1,Fabrice Schmitt,greant1,0.6881522536277771,223,1.0,0.6,0.026905829596412557,0.4647619047619048,R2
XC118887,greant1,GABRIEL LEITE,greant1,0.7367586493492126,223,1.0,1.0,0.04484304932735426,1.0,R2
XC294719,squcuc1,Douglas Meyer,squcuc1,0.7740457057952881,231,1.0,1.0,0.04329004329004329,1.0,R2
XC294724,squcuc1,Douglas Meyer,squcuc1,0.804694414138794,231,1.0,1.0,0.04329004329004329,1.0,R2
XC940505,squcuc1,Kauê Werner,squcuc1,0.8612408638000488,231,1.0,1.0,0.04329004329004329,1.0,R2
XC216157,squcuc1,Amanda Perin Marcon,squcuc1,0.7391037344932556,231,1.0,1.0,0.04329004329004329,1.0,R2
XC549930,squcuc1,Bernabe Lopez-Lanus,squcuc1,0.8041260838508606,231,1.0,1.0,0.04329004329004329,1.0,R2
XC549933,squcuc1,Bernabe Lopez-Lanus,squcuc1,0.7141738533973694,231,1.0,0.2,0.008658008658008658,0.13999999999999999,R2
XC549936,squcuc1,Bernabe Lopez-Lanus,squcuc1,0.7395424842834473,231,1.0,0.8,0.03463203463203463,0.7327777777777778,R2
XC247099,squcuc1,Joe Klaiber,squcuc1,0.7186899185180664,231,1.0,0.8,0.03463203463203463,0.7577777777777778,R2
XC246934,squcuc1,Joe Klaiber,squcuc1,0.7323076128959656,231,1.0,1.0,0.04329004329004329,1.0,R2
XC656889,squcuc1,Luiz Fernando Matos,squcuc1,0.7361828088760376,231,1.0,1.0,0.04329004329004329,1.0,R2
XC299640,roahaw,Patrice Adret,roahaw,0.8111178278923035,159,1.0,1.0,0.06289308176100629,1.0,R2
XC372463,roahaw,Kent Livezey,roahaw,0.749642550945282,159,1.0,0.9,0.05660377358490566,0.9,R2
XC288830,roahaw,Diego Cueva,roahaw,0.7889100313186646,159,1.0,1.0,0.06289308176100629,1.0,R2
XC129438,roahaw,Oscar Humberto Marin-Gomez,roahaw,0.8404660820960999,159,1.0,1.0,0.06289308176100629,1.0,R2
XC772769,roahaw,Sue Riffe,roahaw,0.8160351514816284,159,1.0,1.0,0.06289308176100629,1.0,R2
XC716349,roahaw,Marcelo da Rocha,roahaw,0.7936823964118958,159,1.0,1.0,0.06289308176100629,1.0,R2
XC340156,roahaw,GABRIEL LEITE,roahaw,0.7769396305084229,159,1.0,1.0,0.06289308176100629,1.0,R2
XC680705,roahaw,GABRIEL LEITE,roahaw,0.8083147406578064,159,1.0,1.0,0.06289308176100629,1.0,R2
XC235156,roahaw,cesar villamil,roahaw,0.7045372724533081,159,1.0,0.5,0.031446540880503145,0.31,R2
XC19527,roahaw,Niels Krabbe,roahaw,0.6587396860122681,159,1.0,0.6,0.03773584905660377,0.4072222222222222,R2
XC738930,trsowl,Adrian Antunez,trsowl,0.6727758646011353,165,1.0,0.4,0.024242424242424242,0.23194444444444445,R2
XC428741,trsowl,Diego Cueva,trsowl,0.7342342138290405,165,1.0,1.0,0.06060606060606061,1.0,R2
XC597121,trsowl,Marcela Morales sánchez,trsowl,0.832211434841156,165,1.0,1.0,0.06060606060606061,1.0,R2
XC549975,trsowl,Bernabe Lopez-Lanus,trsowl,0.8002772331237793,165,1.0,1.0,0.06060606060606061,1.0,R2
XC135491,trsowl,William Adsett ,trsowl,0.7958076596260071,165,1.0,1.0,0.06060606060606061,1.0,R2
XC572606,trsowl,Odirlei Vieira da Fonseca,trsowl,0.7867277264595032,165,1.0,1.0,0.06060606060606061,1.0,R2
XC236394,trsowl,Odirlei Vieira da Fonseca,trsowl,0.7817237377166748,165,1.0,1.0,0.06060606060606061,1.0,R2
XC447808,trsowl,Kent Livezey,trsowl,0.7082356214523315,165,1.0,0.7,0.04242424242424243,0.5747619047619048,R2
XC619067,trsowl,Capovilla Pablo H,trsowl,0.6571956872940063,165,1.0,1.0,0.06060606060606061,1.0,R2
XC730130,trsowl,Brian Cox,trsowl,0.7505799531936646,165,1.0,1.0,0.06060606060606061,1.0,R2
XC756928,banana,Igor Lazo,trokin,0.7764462232589722,203,0.5,0.6,0.029556650246305417,0.41809523809523813,R2
XC190593,banana,Gabriel Rosa,banana,0.7872302532196045,203,1.0,1.0,0.04926108374384237,1.0,R2
XC247112,banana,Joe Klaiber,banana,0.7097825407981873,203,1.0,0.7,0.034482758620689655,0.6875,R2
XC561261,banana,Steve Hampton,banana,0.8224260807037354,203,1.0,1.0,0.04926108374384237,1.0,R2
XC127164,banana,pedrotêia,banana,0.7723835706710815,203,1.0,1.0,0.04926108374384237,1.0,R2
XC169559,banana,GABRIEL LEITE,banana,0.794021487236023,203,1.0,1.0,0.04926108374384237,1.0,R2
XC241562,banana,Oscar Humberto Marín Gómez,banana,0.8035963773727417,203,1.0,1.0,0.04926108374384237,1.0,R2
XC924739,banana,Sue Riffe,banana,0.6830609440803528,203,1.0,1.0,0.04926108374384237,1.0,R2
XC541448,banana,Cristhian David Gaitán García,banana,0.8154255747795105,203,1.0,0.9,0.04433497536945813,0.8788888888888889,R2
XC215467,banana,Terry Davis,banana,0.6773317456245422,203,1.0,0.7,0.034482758620689655,0.4925,R2
XC29087,baffal1,Niels Krabbe,baffal1,0.7878523468971252,181,1.0,1.0,0.055248618784530384,1.0,R2
XC29088,baffal1,Niels Krabbe,baffal1,0.8481845259666443,181,1.0,1.0,0.055248618784530384,1.0,R2
XC235886,baffal1,Niels Krabbe,baffal1,0.7582287788391113,181,1.0,1.0,0.055248618784530384,1.0,R2
XC437953,baffal1,George Wagner,baffal1,0.8792586326599121,181,1.0,1.0,0.055248618784530384,1.0,R2
XC192816,baffal1,Kassius Santos,baffal1,0.8761157989501953,181,1.0,1.0,0.055248618784530384,1.0,R2
XC666482,baffal1,Odirlei Vieira da Fonseca,baffal1,0.8448819518089294,181,1.0,1.0,0.055248618784530384,1.0,R2
XC727672,baffal1,Brian Cox,baffal1,0.8523659706115723,181,1.0,1.0,0.055248618784530384,1.0,R2
XC745799,baffal1,Jacob Wijpkema,baffal1,0.8406720161437988,181,1.0,1.0,0.055248618784530384,1.0,R2
XC546400,baffal1,Ciro Albano,baffal1,0.901301383972168,181,1.0,1.0,0.055248618784530384,1.0,R2
XC192815,baffal1,Kassius Santos,baffal1,0.870326578617096,181,1.0,1.0,0.055248618784530384,1.0,R2
XC539586,soulap1,Yoann Blanchon,soulap1,0.9042288661003113,137,1.0,1.0,0.072992700729927,1.0,R2
XC9046,soulap1,Allen T. Chartier,soulap1,0.8104458451271057,137,1.0,1.0,0.072992700729927,1.0,R2
XC562682,soulap1,Kent Livezey,soulap1,0.6819425821304321,137,1.0,1.0,0.072992700729927,1.0,R2
XC51500,soulap1,Bernabe Lopez-Lanus,soulap1,0.8138341903686523,137,1.0,1.0,0.072992700729927,1.0,R2
XC428133,soulap1,Caio Brito,soulap1,0.8612091541290283,137,1.0,1.0,0.072992700729927,1.0,R2
XC47141,soulap1,Niels Krabbe,soulap1,0.772822916507721,137,1.0,1.0,0.072992700729927,1.0,R2
XC861228,soulap1,Paulo Alves,soulap1,0.7266565561294556,137,1.0,1.0,0.072992700729927,1.0,R2
XC549503,soulap1,Bernabe Lopez-Lanus,soulap1,0.7814021706581116,137,1.0,1.0,0.072992700729927,1.0,R2
XC16003,soulap1,Niels Krabbe,soulap1,0.8422831892967224,137,1.0,1.0,0.072992700729927,1.0,R2
XC48574,soulap1,Bernabe Lopez-Lanus,soulap1,0.8695727586746216,137,1.0,1.0,0.072992700729927,1.0,R2
XC340516,strcuc1,Aves del NEA,strcuc1,0.7930052280426025,154,1.0,1.0,0.06493506493506493,1.0,R2
XC340515,strcuc1,Aves del NEA,strcuc1,0.815024197101593,154,1.0,1.0,0.06493506493506493,1.0,R2
XC173304,strcuc1,Douglas Meyer,strcuc1,0.8330815434455872,154,1.0,1.0,0.06493506493506493,1.0,R2
XC114965,strcuc1,pedrotêia,strcuc1,0.7282029986381531,154,1.0,1.0,0.06493506493506493,1.0,R2
XC349929,strcuc1,Kassius Santos,strcuc1,0.7553771138191223,154,1.0,1.0,0.06493506493506493,1.0,R2
XC836228,strcuc1,Jacob Wijpkema,strcuc1,0.7432441711425781,154,1.0,1.0,0.06493506493506493,1.0,R2
XC508606,strcuc1,Niels Krabbe,strcuc1,0.7765288949012756,154,1.0,1.0,0.06493506493506493,1.0,R2
XC593146,strcuc1,Marcelo da Rocha,strcuc1,0.830950140953064,154,1.0,1.0,0.06493506493506493,1.0,R2
XC240034,strcuc1,Oscar Humberto Marín Gómez,strcuc1,0.8215007781982422,154,1.0,1.0,0.06493506493506493,1.0,R2
XC114160,strcuc1,Sergio Chaparro-Herrera,strcuc1,0.8594295978546143,154,1.0,1.0,0.06493506493506493,1.0,R2
XC993685,pabspi1,Bernabe Lopez-Lanus,pabspi1,0.8107509016990662,125,1.0,1.0,0.08,1.0,R2
XC506225,pabspi1,Niels Krabbe,pabspi1,0.6606225371360779,125,1.0,1.0,0.08,1.0,R2
XC687712,pabspi1,Niels Krabbe,pabspi1,0.8224997520446777,125,1.0,1.0,0.08,1.0,R2
XC506234,pabspi1,Niels Krabbe,pabspi1,0.8056367635726929,125,1.0,1.0,0.08,1.0,R2
XC452493,pabspi1,Marcelo Jordani Feliti,pabspi1,0.8090147376060486,125,1.0,1.0,0.08,1.0,R2
XC701947,pabspi1,Jacob Wijpkema,pabspi1,0.7656103372573853,125,1.0,1.0,0.08,1.0,R2
XC701948,pabspi1,Jacob Wijpkema,roahaw,0.6049777269363403,125,0.2,0.2,0.016,0.042222222222222223,R2
XC236174,pabspi1,Niels Krabbe,pabspi1,0.7587384581565857,125,1.0,1.0,0.08,1.0,R2
XC391585,pabspi1,Kent Livezey,pabspi1,0.8267229795455933,125,1.0,1.0,0.08,1.0,R2
XC236176,pabspi1,Niels Krabbe,pabspi1,0.7452151775360107,125,1.0,1.0,0.08,1.0,R2
XC268594,yeofly1,Fabrice Schmitt,yeofly1,0.9129301309585571,266,1.0,1.0,0.03759398496240601,1.0,R2
XC361117,yeofly1,Niels Krabbe,yeofly1,0.8131954669952393,266,1.0,1.0,0.03759398496240601,1.0,R2
XC250157,yeofly1,Niels Krabbe,yeofly1,0.748149037361145,266,1.0,0.5,0.018796992481203006,0.4105555555555555,R2
XC46766,yeofly1,Bernabe Lopez-Lanus,yeofly1,0.8508210778236389,266,1.0,1.0,0.03759398496240601,1.0,R2
XC1031972,yeofly1,Jacob Wijpkema,yeofly1,0.8132338523864746,266,1.0,1.0,0.03759398496240601,1.0,R2
XC187210,yeofly1,Marcelo O. Barbosa,yeofly1,0.7649487257003784,266,1.0,1.0,0.03759398496240601,1.0,R2
XC512409,yeofly1,Odemir Freitas Junior,yeofly1,0.7305291891098022,266,1.0,1.0,0.03759398496240601,1.0,R2
XC611913,yeofly1,Fabrice Schmitt,yeofly1,0.7925193905830383,266,1.0,1.0,0.03759398496240601,1.0,R2
XC268592,yeofly1,Fabrice Schmitt,yeofly1,0.8279198408126831,266,1.0,1.0,0.03759398496240601,1.0,R2
XC583955,yeofly1,Ciro Albano,yeofly1,0.7866713404655457,266,1.0,0.9,0.03383458646616541,0.866388888888889,R2
XC192979,gycwor1,Diego Caiafa,gycwor1,0.7245160341262817,141,1.0,0.7,0.04964539007092199,0.6634920634920635,R2
XC483682,gycwor1,Odemir Freitas Junior,gycwor1,0.8148176074028015,141,1.0,1.0,0.07092198581560284,1.0,R2
XC772156,gycwor1,Niels Krabbe,gycwor1,0.8487018942832947,141,1.0,1.0,0.07092198581560284,1.0,R2
XC501765,gycwor1,NUNES D&#039;ACOSTA,gycwor1,0.7450575232505798,141,1.0,0.8,0.05673758865248227,0.8,R2
XC1012395,gycwor1,Jacob Wijpkema,gycwor1,0.8209344148635864,141,1.0,1.0,0.07092198581560284,1.0,R2
XC843813,gycwor1,Mateus Gonçalves Santos,gycwor1,0.8753786087036133,141,1.0,1.0,0.07092198581560284,1.0,R2
XC216181,gycwor1,Kassius Santos,gycwor1,0.8738622665405273,141,1.0,1.0,0.07092198581560284,1.0,R2
XC352281,gycwor1,Odirlei Vieira da Fonseca,gycwor1,0.8500215411186218,141,1.0,1.0,0.07092198581560284,1.0,R2
XC335167,gycwor1,Alejandro Pinto-Gómez,gycwor1,0.8530775308609009,141,1.0,1.0,0.07092198581560284,1.0,R2
XC197443,gycwor1,Joe Klaiber,gycwor1,0.8384100198745728,141,1.0,1.0,0.07092198581560284,1.0,R2
XC254120,compau,Joe Klaiber,compau,0.7795930504798889,142,1.0,1.0,0.07042253521126761,1.0,R2
XC225326,compau,Joe Klaiber,soulap1,0.7193341851234436,142,0.025,0.0,0.0,0.0,R2
XC236447,compau,Odirlei Vieira da Fonseca,compau,0.8533153533935547,142,1.0,1.0,0.07042253521126761,1.0,R2
XC311012,compau,Nery Chanquin,compau,0.8344838619232178,142,1.0,1.0,0.07042253521126761,1.0,R2
XC285306,compau,Paul Marvin,compau,0.7810662984848022,142,1.0,1.0,0.07042253521126761,1.0,R2
XC592920,compau,Marcelo da Rocha,compau,0.783395528793335,142,1.0,1.0,0.07042253521126761,1.0,R2
XC221567,compau,Joe Klaiber,compau,0.7409636974334717,142,1.0,1.0,0.07042253521126761,1.0,R2
XC630102,compau,Ana Carla Aquino,coffal1,0.586782693862915,142,0.5,0.5,0.035211267605633804,0.25555555555555554,R2
XC427477,compau,Caio Brito,compau,0.8110072612762451,142,1.0,1.0,0.07042253521126761,1.0,R2
XC943093,compau,Carlos Delgado JUMABITA,compau,0.7434935569763184,142,1.0,1.0,0.07042253521126761,1.0,R2
XC433820,barant1,Marcelo Jordani Feliti,barant1,0.9170369505882263,198,1.0,1.0,0.050505050505050504,1.0,R2
XC459559,barant1,Marcelo Jordani Feliti,barant1,0.8764644861221313,198,1.0,1.0,0.050505050505050504,1.0,R2
XC732448,barant1,Jacob Wijpkema,barant1,0.6372725963592529,198,1.0,0.3,0.015151515151515152,0.2095238095238095,R2
XC716450,barant1,Hernán Arias,barant1,0.889329195022583,198,1.0,1.0,0.050505050505050504,1.0,R2
XC354908,barant1,GABRIEL LEITE,barant1,0.817115306854248,198,1.0,1.0,0.050505050505050504,1.0,R2
XC428067,barant1,Caio Brito,barant1,0.776839554309845,198,1.0,1.0,0.050505050505050504,1.0,R2
XC685458,barant1,Jacob Wijpkema,barant1,0.7778987288475037,198,1.0,1.0,0.050505050505050504,1.0,R2
XC676256,barant1,Jacob Wijpkema,barant1,0.8165875673294067,198,1.0,1.0,0.050505050505050504,1.0,R2
XC443189,barant1,Rosendo Fraga,barant1,0.8714040517807007,198,1.0,1.0,0.050505050505050504,1.0,R2
XC752776,barant1,GABRIEL LEITE,barant1,0.815558910369873,198,1.0,1.0,0.050505050505050504,1.0,R2
XC695270,pirfly1,Niels Krabbe,pirfly1,0.7851887941360474,201,1.0,1.0,0.04975124378109453,1.0,R2
XC199153,pirfly1,Gabriel Rosa,pirfly1,0.6284006237983704,201,1.0,0.9,0.04477611940298507,0.89,R2
XC575453,pirfly1,Odirlei Vieira da Fonseca,pirfly1,0.8018465042114258,201,1.0,1.0,0.04975124378109453,1.0,R2
XC199221,pirfly1,Gabriel Rosa,pirfly1,0.8301490545272827,201,1.0,1.0,0.04975124378109453,1.0,R2
XC1050422,pirfly1,Mateus Gonçalves Santos,pirfly1,0.7520893812179565,201,1.0,1.0,0.04975124378109453,1.0,R2
XC249521,pirfly1,Niels Krabbe,pirfly1,0.6954362988471985,201,1.0,0.9,0.04477611940298507,0.9,R2
XC249067,pirfly1,Niels Krabbe,pirfly1,0.7156611680984497,201,1.0,1.0,0.04975124378109453,1.0,R2
XC249418,pirfly1,Niels Krabbe,pirfly1,0.7406152486801147,201,1.0,1.0,0.04975124378109453,1.0,R2
XC249520,pirfly1,Niels Krabbe,pirfly1,0.8215179443359375,201,1.0,1.0,0.04975124378109453,1.0,R2
XC764117,pirfly1,Guilherme de Melo Becher,pirfly1,0.8047471046447754,201,1.0,1.0,0.04975124378109453,1.0,R2
XC174648,linwoo1,Douglas Meyer,linwoo1,0.6884416937828064,184,1.0,0.8,0.043478260869565216,0.788888888888889,R2
XC550450,linwoo1,Bernabe Lopez-Lanus,linwoo1,0.8000916242599487,184,1.0,1.0,0.05434782608695652,1.0,R2
XC550448,linwoo1,Bernabe Lopez-Lanus,linwoo1,0.777713418006897,184,1.0,1.0,0.05434782608695652,1.0,R2
XC379497,linwoo1,Alberto Madroño,linwoo1,0.7581787705421448,184,1.0,1.0,0.05434782608695652,1.0,R2
XC732161,linwoo1,Jacob Wijpkema,linwoo1,0.8263624310493469,184,1.0,1.0,0.05434782608695652,1.0,R2
XC261880,linwoo1,Olaf Jahn,linwoo1,0.7213484048843384,184,1.0,1.0,0.05434782608695652,1.0,R2
XC250796,linwoo1,Niels Krabbe,linwoo1,0.7665225267410278,184,1.0,1.0,0.05434782608695652,1.0,R2
XC542823,linwoo1,Fabrice Schmitt,linwoo1,0.7821192145347595,184,1.0,1.0,0.05434782608695652,1.0,R2
XC688346,linwoo1,Andres Felipe Espinosa,linwoo1,0.6809297204017639,184,1.0,0.2,0.010869565217391304,0.13333333333333333,R2
XC197473,linwoo1,Joe Klaiber,linwoo1,0.6838187575340271,184,1.0,1.0,0.05434782608695652,1.0,R2
XC238416,whtdov,Niels Krabbe,whtdov,0.7295169830322266,192,1.0,1.0,0.052083333333333336,1.0,R2
XC235857,whtdov,Niels Krabbe,coffal1,0.6502586007118225,192,0.05,0.0,0.0,0.0,R2
XC238417,whtdov,Niels Krabbe,whtdov,0.7121258974075317,192,1.0,1.0,0.052083333333333336,1.0,R2
XC294701,whtdov,Douglas Meyer,whtdov,0.8327044248580933,192,1.0,1.0,0.052083333333333336,1.0,R2
XC388552,whtdov,Marcelo Jordani Feliti,sobtyr1,0.7891401648521423,192,0.5,0.9,0.046875,0.7071031746031746,R2
XC538235,whtdov,Yoann Blanchon,whtdov,0.6852430701255798,192,1.0,1.0,0.052083333333333336,1.0,R2
XC716476,whtdov,Hernán Arias,barant1,0.6618200540542603,192,0.5,0.4,0.020833333333333332,0.18285714285714288,R2
XC147509,whtdov,Paul Marvin,whtdov,0.8233316540718079,192,1.0,1.0,0.052083333333333336,1.0,R2
XC277692,whtdov,Paul Marvin,whtdov,0.7804646492004395,192,1.0,1.0,0.052083333333333336,1.0,R2
XC833664,whtdov,Marcelo O. Barbosa,sobtyr1,0.7231391668319702,192,0.3333333333333333,0.3,0.015625,0.09166666666666665,R2
XC469159,bobfly1,GABRIEL LEITE,bobfly1,0.718099057674408,204,1.0,0.8,0.0392156862745098,0.7268253968253967,R2
XC578500,bobfly1,Ciro Albano,bobfly1,0.7863367795944214,204,1.0,1.0,0.049019607843137254,1.0,R2
XC545844,bobfly1,Ciro Albano,bobfly1,0.8262065649032593,204,1.0,1.0,0.049019607843137254,1.0,R2
XC427567,bobfly1,Caio Brito,bobfly1,0.7240011096000671,204,1.0,1.0,0.049019607843137254,1.0,R2
XC583946,bobfly1,Ciro Albano,bobfly1,0.8637267351150513,204,1.0,1.0,0.049019607843137254,1.0,R2
XC235872,bobfly1,Niels Krabbe,bobfly1,0.7428640127182007,204,1.0,1.0,0.049019607843137254,1.0,R2
XC427566,bobfly1,Caio Brito,bobfly1,0.7823463678359985,204,1.0,1.0,0.049019607843137254,1.0,R2
XC356904,bobfly1,Kent Livezey,bobfly1,0.7314244508743286,204,1.0,0.9,0.04411764705882353,0.9,R2
XC841763,bobfly1,Niels Krabbe,bobfly1,0.7406061887741089,204,1.0,1.0,0.049019607843137254,1.0,R2
XC666481,bobfly1,Odirlei Vieira da Fonseca,bobfly1,0.8068760633468628,204,1.0,1.0,0.049019607843137254,1.0,R2
XC944466,trokin,Carlos Delgado JUMABITA,trokin,0.8354048728942871,155,1.0,1.0,0.06451612903225806,1.0,R2
XC556661,trokin,Caio Brito,trokin,0.7586456537246704,155,1.0,1.0,0.06451612903225806,1.0,R2
XC131763,trokin,Oscar Humberto Marin-Gomez,trokin,0.8730213642120361,155,1.0,1.0,0.06451612903225806,1.0,R2
XC282322,trokin,Paul Marvin,trokin,0.7021128535270691,155,1.0,1.0,0.06451612903225806,1.0,R2
XC287873,trokin,J.R. Rigby,trokin,0.8303903341293335,155,1.0,1.0,0.06451612903225806,1.0,R2
XC944467,trokin,Carlos Delgado JUMABITA,trokin,0.8308088779449463,155,1.0,1.0,0.06451612903225806,1.0,R2
XC690960,trokin,Jules Evens,trokin,0.8228844404220581,155,1.0,1.0,0.06451612903225806,1.0,R2
XC960832,trokin,Alejandra Moreno Rojas ,soulap1,0.8589712381362915,155,0.047619047619047616,0.0,0.0,0.0,R2
XC490064,trokin,GABRIEL LEITE,trokin,0.7321979999542236,155,1.0,0.9,0.05806451612903226,0.9,R2
XC282345,trokin,Paul Marvin,trokin,0.7415446043014526,155,1.0,1.0,0.06451612903225806,1.0,R2
XC1011212,coffal1,Jacob Wijpkema,squcuc1,0.529492199420929,171,0.3333333333333333,0.1,0.005847953216374269,0.03333333333333333,R3
XC518849,coffal1,Marcelo da Rocha,whtdov,0.5086287260055542,171,0.05555555555555555,0.0,0.0,0.0,R3
XC640029,coffal1,Ciro Albano,coffal1,0.5097577571868896,171,1.0,0.1,0.005847953216374269,0.1,R3
XC238626,coffal1,Niels Krabbe,trokin,0.601534903049469,171,0.03225806451612903,0.0,0.0,0.0,R3
XC580510,coffal1,Kent Livezey,roahaw,0.553284764289856,171,0.08333333333333333,0.0,0.0,0.0,R3
XC841725,coffal1,Niels Krabbe,linwoo1,0.5461626052856445,171,0.02631578947368421,0.0,0.0,0.0,R3
XC909155,coffal1,Luis Gomez,gycwor1,0.5309274792671204,171,0.03571428571428571,0.0,0.0,0.0,R3
XC597587,coffal1,Erik Camilo Gaitán López,bobfly1,0.5362503528594971,171,0.047619047619047616,0.0,0.0,0.0,R3
XC514068,coffal1,David Bradley,yeofly1,0.5347432494163513,171,0.05,0.0,0.0,0.0,R3
XC915055,coffal1,Rodrigo Y Castro,whtdov,0.5432707667350769,171,0.07692307692307693,0.0,0.0,0.0,R3
XC504846,sobtyr1,Iván Lau,baffal1,0.5850950479507446,221,0.3333333333333333,0.1,0.004524886877828055,0.03333333333333333,R3
XC764623,sobtyr1,Niels Krabbe,squcuc1,0.5331206321716309,221,0.1,0.1,0.004524886877828055,0.01,R3
XC653903,sobtyr1,Jacob Wijpkema,baffal1,0.5847790241241455,221,0.125,0.1,0.004524886877828055,0.0125,R3
XC176886,sobtyr1,Douglas Meyer,linwoo1,0.5767861008644104,221,0.038461538461538464,0.0,0.0,0.0,R3
XC580800,sobtyr1,Javier Ricardo Salamanca-Reyes,trsowl,0.4799158275127411,221,0.2,0.2,0.00904977375565611,0.05333333333333333,R3
XC763522,sobtyr1,GABRIEL LEITE,gycwor1,0.48385125398635864,221,0.05555555555555555,0.0,0.0,0.0,R3
XC612769,sobtyr1,Fabrice Schmitt,bobfly1,0.5873797535896301,221,0.16666666666666666,0.1,0.004524886877828055,0.016666666666666666,R3
XC135348,sobtyr1,Dan Lane,roahaw,0.5846383571624756,221,0.1,0.1,0.004524886877828055,0.01,R3
XC1062368,sobtyr1,Jacob Wijpkema,sobtyr1,0.5636683702468872,221,1.0,0.2,0.00904977375565611,0.13999999999999999,R3
XC653904,sobtyr1,Jacob Wijpkema,linwoo1,0.46970540285110474,221,0.05,0.0,0.0,0.0,R3
XC348691,greant1,Blas Fandiño,banana,0.5263534188270569,223,0.25,0.1,0.004484304932735426,0.025,R3
XC397818,greant1,Federico Ferrer,compau,0.5512343049049377,223,0.029411764705882353,0.0,0.0,0.0,R3
XC50033,greant1,Bernabe Lopez-Lanus,bobfly1,0.5417590737342834,223,0.1,0.1,0.004484304932735426,0.01,R3
XC388556,greant1,Marcelo Jordani Feliti,barant1,0.5854220986366272,223,0.05,0.0,0.0,0.0,R3
XC433819,greant1,Marcelo Jordani Feliti,trsowl,0.4834991991519928,223,0.0196078431372549,0.0,0.0,0.0,R3
XC123928,greant1,GABRIEL LEITE,gycwor1,0.5947245955467224,223,0.3333333333333333,0.2,0.008968609865470852,0.05833333333333333,R3
XC489684,greant1,Jacob Wijpkema,baffal1,0.5532611012458801,223,0.3333333333333333,0.2,0.008968609865470852,0.06666666666666667,R3
XC452472,greant1,Marcelo Jordani Feliti,banana,0.5078775882720947,223,0.058823529411764705,0.0,0.0,0.0,R3
XC616309,greant1,Fabrice Schmitt,whtdov,0.5591503381729126,223,0.05263157894736842,0.0,0.0,0.0,R3
XC118887,greant1,GABRIEL LEITE,pabspi1,0.5900717973709106,223,0.5,0.2,0.008968609865470852,0.06999999999999999,R3
XC294719,squcuc1,Douglas Meyer,roahaw,0.5671634674072266,231,0.16666666666666666,0.2,0.008658008658008658,0.041666666666666664,R3
XC294724,squcuc1,Douglas Meyer,banana,0.5183030962944031,231,0.25,0.4,0.017316017316017316,0.14119047619047617,R3
XC940505,squcuc1,Kauê Werner,baffal1,0.5117612481117249,231,0.047619047619047616,0.0,0.0,0.0,R3
XC216157,squcuc1,Amanda Perin Marcon,compau,0.5065401196479797,231,0.14285714285714285,0.2,0.008658008658008658,0.03428571428571429,R3
XC549930,squcuc1,Bernabe Lopez-Lanus,greant1,0.49657636880874634,231,0.07142857142857142,0.0,0.0,0.0,R3
XC549933,squcuc1,Bernabe Lopez-Lanus,coffal1,0.5282357335090637,231,0.16666666666666666,0.2,0.008658008658008658,0.04523809523809523,R3
XC549936,squcuc1,Bernabe Lopez-Lanus,gycwor1,0.5160933136940002,231,0.029411764705882353,0.0,0.0,0.0,R3
XC247099,squcuc1,Joe Klaiber,greant1,0.48107200860977173,231,0.2,0.1,0.004329004329004329,0.02,R3
XC246934,squcuc1,Joe Klaiber,yeofly1,0.48319679498672485,231,0.07692307692307693,0.0,0.0,0.0,R3
XC656889,squcuc1,Luiz Fernando Matos,barant1,0.5344367623329163,231,0.05263157894736842,0.0,0.0,0.0,R3
XC299640,roahaw,Patrice Adret,yeofly1,0.5453972816467285,159,0.047619047619047616,0.0,0.0,0.0,R3
XC372463,roahaw,Kent Livezey,whtdov,0.5463699102401733,159,0.25,0.1,0.006289308176100629,0.025,R3
XC288830,roahaw,Diego Cueva,greant1,0.5007755160331726,159,0.25,0.1,0.006289308176100629,0.025,R3
XC129438,roahaw,Oscar Humberto Marin-Gomez,pabspi1,0.5005307197570801,159,0.1,0.1,0.006289308176100629,0.01,R3
XC772769,roahaw,Sue Riffe,bobfly1,0.5267386436462402,159,0.05263157894736842,0.0,0.0,0.0,R3
XC716349,roahaw,Marcelo da Rocha,pabspi1,0.6192128658294678,159,0.02127659574468085,0.0,0.0,0.0,R3
XC340156,roahaw,GABRIEL LEITE,greant1,0.5825581550598145,159,0.1111111111111111,0.1,0.006289308176100629,0.01111111111111111,R3
XC680705,roahaw,GABRIEL LEITE,trokin,0.5492600798606873,159,0.3333333333333333,0.1,0.006289308176100629,0.03333333333333333,R3
XC235156,roahaw,cesar villamil,roahaw,0.5169165134429932,159,1.0,0.1,0.006289308176100629,0.1,R3
XC19527,roahaw,Niels Krabbe,strcuc1,0.5863648653030396,159,0.013157894736842105,0.0,0.0,0.0,R3
XC738930,trsowl,Adrian Antunez,trsowl,0.48137691617012024,165,1.0,0.2,0.012121212121212121,0.12,R3
XC428741,trsowl,Diego Cueva,yeofly1,0.5508837699890137,165,0.018867924528301886,0.0,0.0,0.0,R3
XC597121,trsowl,Marcela Morales sánchez,trokin,0.516409158706665,165,0.058823529411764705,0.0,0.0,0.0,R3
XC549975,trsowl,Bernabe Lopez-Lanus,linwoo1,0.5119748115539551,165,0.041666666666666664,0.0,0.0,0.0,R3
XC135491,trsowl,William Adsett ,trokin,0.5074931383132935,165,0.05263157894736842,0.0,0.0,0.0,R3
XC572606,trsowl,Odirlei Vieira da Fonseca,yeofly1,0.5771284103393555,165,0.01282051282051282,0.0,0.0,0.0,R3
XC236394,trsowl,Odirlei Vieira da Fonseca,banana,0.49241337180137634,165,0.015873015873015872,0.0,0.0,0.0,R3
XC447808,trsowl,Kent Livezey,pirfly1,0.5257944464683533,165,0.016666666666666666,0.0,0.0,0.0,R3
XC619067,trsowl,Capovilla Pablo H,trokin,0.54530268907547,165,0.1,0.1,0.006060606060606061,0.01,R3
XC730130,trsowl,Brian Cox,pirfly1,0.5600978136062622,165,0.5,0.1,0.006060606060606061,0.05,R3
XC756928,banana,Igor Lazo,bobfly1,0.6341434121131897,203,0.1111111111111111,0.1,0.0049261083743842365,0.01111111111111111,R3
XC190593,banana,Gabriel Rosa,soulap1,0.5960702896118164,203,0.03333333333333333,0.0,0.0,0.0,R3
XC247112,banana,Joe Klaiber,coffal1,0.48478254675865173,203,0.047619047619047616,0.0,0.0,0.0,R3
XC561261,banana,Steve Hampton,soulap1,1.0,203,0.2,0.1,0.0049261083743842365,0.02,R3
XC127164,banana,pedrotêia,whtdov,0.6287631392478943,203,0.058823529411764705,0.0,0.0,0.0,R3
XC169559,banana,GABRIEL LEITE,gycwor1,0.5214958190917969,203,0.25,0.1,0.0049261083743842365,0.025,R3
XC241562,banana,Oscar Humberto Marín Gómez,pirfly1,0.5125879049301147,203,0.3333333333333333,0.1,0.0049261083743842365,0.03333333333333333,R3
XC924739,banana,Sue Riffe,coffal1,0.5788666009902954,203,0.08333333333333333,0.0,0.0,0.0,R3
XC541448,banana,Cristhian David Gaitán García,yeofly1,0.51263427734375,203,0.02702702702702703,0.0,0.0,0.0,R3
XC215467,banana,Terry Davis,trsowl,0.5269332528114319,203,0.02702702702702703,0.0,0.0,0.0,R3
XC29087,baffal1,Niels Krabbe,coffal1,0.5456788539886475,181,0.04,0.0,0.0,0.0,R3
XC29088,baffal1,Niels Krabbe,coffal1,0.5034328103065491,181,0.5,0.1,0.0055248618784530384,0.05,R3
XC235886,baffal1,Niels Krabbe,soulap1,0.48303622007369995,181,0.03125,0.0,0.0,0.0,R3
XC437953,baffal1,George Wagner,bobfly1,0.5645952820777893,181,0.02,0.0,0.0,0.0,R3
XC192816,baffal1,Kassius Santos,sobtyr1,0.4989874064922333,181,0.09090909090909091,0.0,0.0,0.0,R3
XC666482,baffal1,Odirlei Vieira da Fonseca,sobtyr1,0.5366587042808533,181,0.07692307692307693,0.0,0.0,0.0,R3
XC727672,baffal1,Brian Cox,squcuc1,0.5055086016654968,181,0.047619047619047616,0.0,0.0,0.0,R3
XC745799,baffal1,Jacob Wijpkema,greant1,0.4987453520298004,181,0.5,0.1,0.0055248618784530384,0.05,R3
XC546400,baffal1,Ciro Albano,strcuc1,0.474980890750885,181,0.07692307692307693,0.0,0.0,0.0,R3
XC192815,baffal1,Kassius Santos,strcuc1,0.5489327311515808,181,0.2,0.1,0.0055248618784530384,0.02,R3
XC539586,soulap1,Yoann Blanchon,barant1,0.505576491355896,137,0.07692307692307693,0.0,0.0,0.0,R3
XC9046,soulap1,Allen T. Chartier,coffal1,0.5053144097328186,137,0.14285714285714285,0.1,0.0072992700729927005,0.014285714285714285,R3
XC562682,soulap1,Kent Livezey,baffal1,0.5099401473999023,137,0.018867924528301886,0.0,0.0,0.0,R3
XC51500,soulap1,Bernabe Lopez-Lanus,greant1,0.4942009449005127,137,0.08333333333333333,0.0,0.0,0.0,R3
XC428133,soulap1,Caio Brito,yeofly1,0.5591397285461426,137,0.010869565217391304,0.0,0.0,0.0,R3
XC47141,soulap1,Niels Krabbe,sobtyr1,0.49627092480659485,137,0.14285714285714285,0.1,0.0072992700729927005,0.014285714285714285,R3
XC861228,soulap1,Paulo Alves,squcuc1,0.6159411668777466,137,0.02631578947368421,0.0,0.0,0.0,R3
XC549503,soulap1,Bernabe Lopez-Lanus,sobtyr1,0.5440489053726196,137,0.07142857142857142,0.0,0.0,0.0,R3
XC16003,soulap1,Niels Krabbe,greant1,0.5014097094535828,137,0.047619047619047616,0.0,0.0,0.0,R3
XC48574,soulap1,Bernabe Lopez-Lanus,sobtyr1,0.5170069336891174,137,0.25,0.2,0.014598540145985401,0.045,R3
XC340516,strcuc1,Aves del NEA,pirfly1,0.49355989694595337,154,0.045454545454545456,0.0,0.0,0.0,R3
XC340515,strcuc1,Aves del NEA,baffal1,0.5507087111473083,154,0.08333333333333333,0.0,0.0,0.0,R3
XC173304,strcuc1,Douglas Meyer,trokin,0.4805944859981537,154,0.027777777777777776,0.0,0.0,0.0,R3
XC114965,strcuc1,pedrotêia,compau,0.5337494015693665,154,0.14285714285714285,0.1,0.006493506493506494,0.014285714285714285,R3
XC349929,strcuc1,Kassius Santos,yeofly1,0.5657175779342651,154,0.030303030303030304,0.0,0.0,0.0,R3
XC836228,strcuc1,Jacob Wijpkema,squcuc1,0.5211731195449829,154,0.009259259259259259,0.0,0.0,0.0,R3
XC508606,strcuc1,Niels Krabbe,gycwor1,0.5392098426818848,154,0.04,0.0,0.0,0.0,R3
XC593146,strcuc1,Marcelo da Rocha,coffal1,0.585904598236084,154,0.025,0.0,0.0,0.0,R3
XC240034,strcuc1,Oscar Humberto Marín Gómez,sobtyr1,0.5796155333518982,154,0.125,0.1,0.006493506493506494,0.0125,R3
XC114160,strcuc1,Sergio Chaparro-Herrera,trokin,0.5307255387306213,154,0.25,0.1,0.006493506493506494,0.025,R3
XC993685,pabspi1,Bernabe Lopez-Lanus,yeofly1,0.48319435119628906,125,0.022727272727272728,0.0,0.0,0.0,R3
XC506225,pabspi1,Niels Krabbe,greant1,0.5678959488868713,125,0.08333333333333333,0.0,0.0,0.0,R3
XC687712,pabspi1,Niels Krabbe,barant1,0.5274052023887634,125,0.3333333333333333,0.1,0.008,0.03333333333333333,R3
XC506234,pabspi1,Niels Krabbe,pirfly1,0.6407139301300049,125,0.029411764705882353,0.0,0.0,0.0,R3
XC452493,pabspi1,Marcelo Jordani Feliti,sobtyr1,0.46471089124679565,125,0.05,0.0,0.0,0.0,R3
XC701947,pabspi1,Jacob Wijpkema,yeofly1,0.5229454636573792,125,0.03125,0.0,0.0,0.0,R3
XC701948,pabspi1,Jacob Wijpkema,trsowl,0.5833017826080322,125,0.2,0.1,0.008,0.02,R3
XC236174,pabspi1,Niels Krabbe,pirfly1,0.5610952973365784,125,0.008130081300813009,0.0,0.0,0.0,R3
XC391585,pabspi1,Kent Livezey,banana,0.5118486881256104,125,0.0625,0.0,0.0,0.0,R3
XC236176,pabspi1,Niels Krabbe,soulap1,0.566028892993927,125,0.043478260869565216,0.0,0.0,0.0,R3
XC268594,yeofly1,Fabrice Schmitt,pabspi1,0.5358123183250427,266,0.16666666666666666,0.2,0.007518796992481203,0.03888888888888888,R3
XC361117,yeofly1,Niels Krabbe,pirfly1,0.5302567481994629,266,0.09090909090909091,0.0,0.0,0.0,R3
XC250157,yeofly1,Niels Krabbe,banana,0.5417714715003967,266,0.16666666666666666,0.2,0.007518796992481203,0.041666666666666664,R3
XC46766,yeofly1,Bernabe Lopez-Lanus,baffal1,0.6216842532157898,266,0.5,0.1,0.0037593984962406013,0.05,R3
XC1031972,yeofly1,Jacob Wijpkema,strcuc1,0.4913213849067688,266,0.1111111111111111,0.1,0.0037593984962406013,0.01111111111111111,R3
XC187210,yeofly1,Marcelo O. Barbosa,strcuc1,0.4959903955459595,266,0.2,0.1,0.0037593984962406013,0.02,R3
XC512409,yeofly1,Odemir Freitas Junior,gycwor1,0.9999998807907104,266,0.5,0.1,0.0037593984962406013,0.05,R3
XC611913,yeofly1,Fabrice Schmitt,sobtyr1,0.4738180637359619,266,0.041666666666666664,0.0,0.0,0.0,R3
XC268592,yeofly1,Fabrice Schmitt,gycwor1,1.0,266,0.05555555555555555,0.0,0.0,0.0,R3
XC583955,yeofly1,Ciro Albano,squcuc1,0.497780978679657,266,0.5,0.1,0.0037593984962406013,0.05,R3
XC192979,gycwor1,Diego Caiafa,compau,0.5290871858596802,141,0.09090909090909091,0.0,0.0,0.0,R3
XC483682,gycwor1,Odemir Freitas Junior,trsowl,0.5318453907966614,141,0.02040816326530612,0.0,0.0,0.0,R3
XC772156,gycwor1,Niels Krabbe,banana,0.5441994667053223,141,0.07692307692307693,0.0,0.0,0.0,R3
XC501765,gycwor1,NUNES D&#039;ACOSTA,banana,0.4710562527179718,141,0.125,0.1,0.0070921985815602835,0.0125,R3
XC1012395,gycwor1,Jacob Wijpkema,coffal1,0.4646852910518646,141,0.05555555555555555,0.0,0.0,0.0,R3
XC843813,gycwor1,Mateus Gonçalves Santos,sobtyr1,0.475650429725647,141,0.058823529411764705,0.0,0.0,0.0,R3
XC216181,gycwor1,Kassius Santos,gycwor1,0.48251447081565857,141,1.0,0.1,0.0070921985815602835,0.1,R3
XC352281,gycwor1,Odirlei Vieira da Fonseca,linwoo1,0.5070070028305054,141,0.07692307692307693,0.0,0.0,0.0,R3
XC335167,gycwor1,Alejandro Pinto-Gómez,trokin,0.5872321128845215,141,0.09090909090909091,0.0,0.0,0.0,R3
XC197443,gycwor1,Joe Klaiber,greant1,0.47901561856269836,141,0.0196078431372549,0.0,0.0,0.0,R3
XC254120,compau,Joe Klaiber,banana,0.5579785108566284,142,0.2,0.1,0.007042253521126761,0.02,R3
XC225326,compau,Joe Klaiber,trokin,0.492981493473053,142,0.058823529411764705,0.0,0.0,0.0,R3
XC236447,compau,Odirlei Vieira da Fonseca,trokin,0.5122464895248413,142,0.05555555555555555,0.0,0.0,0.0,R3
XC311012,compau,Nery Chanquin,pabspi1,0.5941275954246521,142,0.014084507042253521,0.0,0.0,0.0,R3
XC285306,compau,Paul Marvin,coffal1,0.6383228302001953,142,0.2,0.1,0.007042253521126761,0.02,R3
XC592920,compau,Marcelo da Rocha,sobtyr1,0.5722919702529907,142,0.05555555555555555,0.0,0.0,0.0,R3
XC221567,compau,Joe Klaiber,trokin,0.5532916188240051,142,0.2,0.1,0.007042253521126761,0.02,R3
XC630102,compau,Ana Carla Aquino,roahaw,0.4944029748439789,142,0.14285714285714285,0.1,0.007042253521126761,0.014285714285714285,R3
XC427477,compau,Caio Brito,yeofly1,0.48828426003456116,142,0.16666666666666666,0.1,0.007042253521126761,0.016666666666666666,R3
XC943093,compau,Carlos Delgado JUMABITA,trokin,0.5774869322776794,142,0.058823529411764705,0.0,0.0,0.0,R3
XC433820,barant1,Marcelo Jordani Feliti,baffal1,0.6182534694671631,198,0.5,0.1,0.005050505050505051,0.05,R3
XC459559,barant1,Marcelo Jordani Feliti,squcuc1,0.5290515422821045,198,0.022727272727272728,0.0,0.0,0.0,R3
XC732448,barant1,Jacob Wijpkema,sobtyr1,0.51667720079422,198,0.125,0.1,0.005050505050505051,0.0125,R3
XC716450,barant1,Hernán Arias,bobfly1,0.5216442942619324,198,0.05,0.0,0.0,0.0,R3
XC354908,barant1,GABRIEL LEITE,pabspi1,0.6028648018836975,198,0.5,0.1,0.005050505050505051,0.05,R3
XC428067,barant1,Caio Brito,barant1,0.5542969703674316,198,1.0,0.1,0.005050505050505051,0.1,R3
XC685458,barant1,Jacob Wijpkema,compau,0.5665461421012878,198,0.3333333333333333,0.1,0.005050505050505051,0.03333333333333333,R3
XC676256,barant1,Jacob Wijpkema,yeofly1,0.5204589366912842,198,0.01694915254237288,0.0,0.0,0.0,R3
XC443189,barant1,Rosendo Fraga,strcuc1,0.5149818062782288,198,0.03225806451612903,0.0,0.0,0.0,R3
XC752776,barant1,GABRIEL LEITE,whtdov,0.58158278465271,198,0.04,0.0,0.0,0.0,R3
XC695270,pirfly1,Niels Krabbe,yeofly1,0.5079062581062317,201,0.030303030303030304,0.0,0.0,0.0,R3
XC199153,pirfly1,Gabriel Rosa,sobtyr1,0.5124451518058777,201,0.058823529411764705,0.0,0.0,0.0,R3
XC575453,pirfly1,Odirlei Vieira da Fonseca,banana,0.5271610021591187,201,0.09090909090909091,0.0,0.0,0.0,R3
XC199221,pirfly1,Gabriel Rosa,whtdov,0.5041123628616333,201,0.3333333333333333,0.2,0.009950248756218905,0.05555555555555556,R3
XC1050422,pirfly1,Mateus Gonçalves Santos,coffal1,0.47237294912338257,201,0.5,0.2,0.009950248756218905,0.07857142857142857,R3
XC249521,pirfly1,Niels Krabbe,pirfly1,0.4961176812648773,201,1.0,0.2,0.009950248756218905,0.12857142857142856,R3
XC249067,pirfly1,Niels Krabbe,sobtyr1,0.5462101101875305,201,0.029411764705882353,0.0,0.0,0.0,R3
XC249418,pirfly1,Niels Krabbe,pirfly1,0.6091762781143188,201,1.0,0.2,0.009950248756218905,0.2,R3
XC249520,pirfly1,Niels Krabbe,bobfly1,0.4721256494522095,201,0.07692307692307693,0.0,0.0,0.0,R3
XC764117,pirfly1,Guilherme de Melo Becher,soulap1,0.5381547808647156,201,0.041666666666666664,0.0,0.0,0.0,R3
XC174648,linwoo1,Douglas Meyer,whtdov,0.4851399064064026,184,0.012195121951219513,0.0,0.0,0.0,R3
XC550450,linwoo1,Bernabe Lopez-Lanus,linwoo1,0.596035897731781,184,1.0,0.1,0.005434782608695652,0.1,R3
XC550448,linwoo1,Bernabe Lopez-Lanus,barant1,0.5612198114395142,184,0.06666666666666667,0.0,0.0,0.0,R3
XC379497,linwoo1,Alberto Madroño,gycwor1,0.5298174023628235,184,0.014705882352941176,0.0,0.0,0.0,R3
XC732161,linwoo1,Jacob Wijpkema,linwoo1,0.5075466632843018,184,1.0,0.1,0.005434782608695652,0.1,R3
XC261880,linwoo1,Olaf Jahn,soulap1,0.5575781464576721,184,0.2,0.1,0.005434782608695652,0.02,R3
XC250796,linwoo1,Niels Krabbe,soulap1,0.5289241075515747,184,0.3333333333333333,0.1,0.005434782608695652,0.03333333333333333,R3
XC542823,linwoo1,Fabrice Schmitt,whtdov,0.587665319442749,184,0.020833333333333332,0.0,0.0,0.0,R3
XC688346,linwoo1,Andres Felipe Espinosa,trokin,0.5230036377906799,184,0.045454545454545456,0.0,0.0,0.0,R3
XC197473,linwoo1,Joe Klaiber,strcuc1,0.5351681709289551,184,0.029411764705882353,0.0,0.0,0.0,R3
XC238416,whtdov,Niels Krabbe,trsowl,0.4885249435901642,192,0.037037037037037035,0.0,0.0,0.0,R3
XC235857,whtdov,Niels Krabbe,pabspi1,0.5075715184211731,192,0.125,0.1,0.005208333333333333,0.0125,R3
XC238417,whtdov,Niels Krabbe,bobfly1,0.5384241938591003,192,0.045454545454545456,0.0,0.0,0.0,R3
XC294701,whtdov,Douglas Meyer,roahaw,0.5151441097259521,192,0.045454545454545456,0.0,0.0,0.0,R3
XC388552,whtdov,Marcelo Jordani Feliti,whtdov,0.5710722804069519,192,1.0,0.1,0.005208333333333333,0.1,R3
XC538235,whtdov,Yoann Blanchon,banana,0.51644366979599,192,0.0625,0.0,0.0,0.0,R3
XC716476,whtdov,Hernán Arias,strcuc1,0.4702783226966858,192,0.02857142857142857,0.0,0.0,0.0,R3
XC147509,whtdov,Paul Marvin,trsowl,0.5610389709472656,192,0.5,0.1,0.005208333333333333,0.05,R3
XC277692,whtdov,Paul Marvin,bobfly1,0.5295127630233765,192,0.03333333333333333,0.0,0.0,0.0,R3
XC833664,whtdov,Marcelo O. Barbosa,coffal1,0.6069532036781311,192,0.02,0.0,0.0,0.0,R3
XC469159,bobfly1,GABRIEL LEITE,whtdov,0.4870946407318115,204,0.018867924528301886,0.0,0.0,0.0,R3
XC578500,bobfly1,Ciro Albano,barant1,0.4857122600078583,204,0.038461538461538464,0.0,0.0,0.0,R3
XC545844,bobfly1,Ciro Albano,trokin,0.540885329246521,204,0.09090909090909091,0.0,0.0,0.0,R3
XC427567,bobfly1,Caio Brito,gycwor1,0.5371291637420654,204,0.14285714285714285,0.2,0.00980392156862745,0.0365079365079365,R3
XC583946,bobfly1,Ciro Albano,barant1,0.5039721131324768,204,0.2,0.1,0.004901960784313725,0.02,R3
XC235872,bobfly1,Niels Krabbe,yeofly1,0.5500348806381226,204,0.03125,0.0,0.0,0.0,R3
XC427566,bobfly1,Caio Brito,greant1,0.6924317479133606,204,0.022222222222222223,0.0,0.0,0.0,R3
XC356904,bobfly1,Kent Livezey,gycwor1,0.5589647889137268,204,0.07692307692307693,0.0,0.0,0.0,R3
XC841763,bobfly1,Niels Krabbe,whtdov,0.5165734887123108,204,0.16666666666666666,0.2,0.00980392156862745,0.03666666666666667,R3
XC666481,bobfly1,Odirlei Vieira da Fonseca,bobfly1,0.5015583634376526,204,1.0,0.1,0.004901960784313725,0.1,R3
XC944466,trokin,Carlos Delgado JUMABITA,banana,0.459183007478714,155,0.017241379310344827,0.0,0.0,0.0,R3
XC556661,trokin,Caio Brito,greant1,1.0000001192092896,155,0.5,0.3,0.01935483870967742,0.15416666666666665,R3
XC131763,trokin,Oscar Humberto Marin-Gomez,pirfly1,0.6082469820976257,155,0.16666666666666666,0.1,0.0064516129032258064,0.016666666666666666,R3
XC282322,trokin,Paul Marvin,strcuc1,0.48340466618537903,155,0.05263157894736842,0.0,0.0,0.0,R3
XC287873,trokin,J.R. Rigby,greant1,0.48899218440055847,155,0.03571428571428571,0.0,0.0,0.0,R3
XC944467,trokin,Carlos Delgado JUMABITA,roahaw,0.5611395239830017,155,0.043478260869565216,0.0,0.0,0.0,R3
XC690960,trokin,Jules Evens,yeofly1,0.561426043510437,155,0.14285714285714285,0.1,0.0064516129032258064,0.014285714285714285,R3
XC960832,trokin,Alejandra Moreno Rojas ,pirfly1,0.4854929745197296,155,0.023809523809523808,0.0,0.0,0.0,R3
XC490064,trokin,GABRIEL LEITE,trokin,0.7026547193527222,155,1.0,0.1,0.0064516129032258064,0.1,R3
XC282345,trokin,Paul Marvin,sobtyr1,0.5530495643615723,155,0.2,0.2,0.012903225806451613,0.04,R3
