No,Kategori,Judul,Penulis,Tahun,Sumber_Jurnal,DOI_Link,Masalah,Tujuan,Metode,Dataset,Model,Akurasi_Hasil,Gap_Relevansi_TA
1,Internasional,BirdNET: A deep learning solution for avian diversity monitoring,"Kahl, S.; Wood, C. M.; Eibl, M.; Klinck, H.",2021,"Ecological Informatics, 61, 101236",https://doi.org/10.1016/j.ecoinf.2021.101236,Volume rekaman PAM terlalu besar untuk diidentifikasi manual; model sulit menggeneralisasi ke berbagai kondisi geografis/akustik,Mengembangkan sistem klasifikasi suara burung berbasis deep learning yang mudah diterapkan luas termasuk pada rekaman lapangan berderau,CNN (backbone mirip EfficientNet) atas spektrogram klip 3 detik; deteksi segmen bersuara berbasis kekuatan sinyal; augmentasi domain,Jutaan rekaman Xeno-Canto + soundscape (termasuk live-stream Sapsucker Woods),"BirdNET (EfficientNet-like), >6000 kelas termasuk non-burung","Top-1 77.7%, AUC 0.974 (primary prediction); turun signifikan pada domain soundscape",Dasar empiris domain shift focal-soundscape untuk RQ1 & RQ2
2,Internasional,PANNs: Large-Scale Pretrained Audio Neural Networks for Audio Pattern Recognition,"Kong, Q.; Cao, Y.; Iqbal, T.; Wang, Y.; Wang, W.; Plumbley, M. D.",2020,"IEEE/ACM Transactions on Audio, Speech, and Language Processing, 28, 2880-2894",https://arxiv.org/abs/1912.10211,Minimnya penelitian pretraining audio berskala besar yang representasinya dapat ditransfer ke berbagai tugas,Mengusulkan PANNs dan mengevaluasi transferabilitas representasinya ke 6 tugas pengenalan pola audio,Pretraining pada AudioSet (label lemah) memakai berbagai varian CNN termasuk Wavegram-Logmel-CNN,AudioSet (527 kategori peristiwa suara),PANNs / Wavegram-Logmel-CNN,mAP 0.439 (vs baseline Google 0.317),Pembanding embedding generik vs embedding spesifik-burung (BirdNET) untuk RQ1
3,Internasional,BIRB: A Generalization Benchmark for Information Retrieval in Bioacoustics,"Hamer, J.; Triantafillou, E.; Van Merrienboer, B.; Kahl, S.; Klinck, H.; Denton, T.; Dumoulin, V.",2023,arXiv:2312.07439,https://arxiv.org/abs/2312.07439,Belum ada benchmark realistis untuk generalisasi/retrieval pada domain bioakustik (fokus riset generalisasi masih di citra),Menyusun benchmark retrieval vokalisasi burung dari data soundscape berbekal exemplar focal recording,Representation learning + nearest-centroid search; exemplar focal untuk retrieval pada korpus target,Xeno-Canto (upstream) + berbagai dataset soundscape (evaluasi),Baseline representation learning (nearest-centroid),Metrik berbasis retrieval (mAP/precision/recall per subset); lihat tabel lengkap paper,Kerangka metodologis paling dekat dengan skema retrieval TA (RQ1-RQ3); acuan metrik mAP@k/Precision@k/Recall@k
4,Internasional,Domain-Invariant Representation Learning of Bird Sounds,(lihat arXiv),2024,arXiv:2409.08589,https://arxiv.org/abs/2409.08589,Domain shift focal-soundscape mempersulit generalisasi model; SupCon sebelumnya hanya diuji focal-ke-focal,Mengusulkan pembelajaran representasi invarian domain khusus suara burung,ProtoCLR (varian supervised contrastive learning berbasis prototipe kelas),"Split soundscape BIRB (Sierra Nevada, Hawaii, Kolombia, Kosta Rika, dll.)",ProtoCLR vs SupCon,ProtoCLR meningkatkan generalisasi few-shot classification lintas dataset BIRB (angka rinci di tabel paper),Memperkuat argumen kebaruan: cross-domain retrieval tahan derau masih riset aktif
5,Internasional,Overview of BirdCLEF 2021: Bird call identification in soundscape recordings,(Panitia BirdCLEF/LifeCLEF),2021,"CEUR Workshop Proceedings, Vol-2936",https://ceur-ws.org/Vol-2936/paper-123.pdf,Domain gap antara sampel latih focal berkualitas tinggi dan sampel uji soundscape berderau,Melaporkan hasil kompetisi identifikasi panggilan burung pada soundscape edisi 2021,Kompetisi; kombinasi data focal+soundscape berbagai lokasi geografis,"Xeno-Canto + soundscape multi-lokasi (metadata jenis panggilan, kualitas, migrasi)",Beragam model peserta kompetisi,Pola konsisten: akurasi soundscape jauh lebih rendah dibanding focal,Bukti kuantitatif skala-kompetisi untuk urgensi similarity threshold optimal (RQ2)
6,Internasional,Few-shot bioacoustic event detection at the DCASE 2022 challenge,(Panitia DCASE),2022,arXiv:2207.07911,https://arxiv.org/abs/2207.07911,Anotasi bioakustik mahal; banyak kelas suara satwa hanya punya sedikit contoh berlabel,Melaporkan hasil tantangan few-shot bioacoustic sound event detection DCASE 2022,Baseline template matching (cross-correlation) vs prototypical network (episodic learning),"19 kelas suara (burung, hiena, meerkat), ~14 jam 20 menit, 4686 event berlabel",Prototypical network + transductive learning,F-score tertinggi 60.2% pada evaluation set,Justifikasi metode berbasis jarak/similarity (dekat k-NN) untuk kondisi data minim per spesies
7,Internasional,ESC-50: Dataset for Environmental Sound Classification,"Piczak, K. J.",2015,"Proceedings of the 23rd ACM International Conference on Multimedia, 1015-1018",https://doi.org/10.1145/2733373.2806390,Kurangnya benchmark suara lingkungan yang terstandardisasi dan mudah direproduksi,Menyediakan dataset suara lingkungan berlabel untuk benchmarking,"2000 klip 5 detik, 50 kelas x 40 klip, 5-fold cross-validation",ESC-50 (Freesound.org),CNN baseline (Piczak); jaringan pralatih lebih dalam pada studi lanjutan,64.5% (CNN awal) -> 74.2% (jaringan pralatih lebih dalam),Dataset acuan asli katalog DSIC27-06; dasar protokol evaluasi k-fold
8,Internasional,A Case Study: Using Passive Acoustic Monitoring Devices In A Growing Urban Landscape To Monitor Avian Diversity,(Tim TIFRH Hyderabad),2025,"bioRxiv, 10.1101/2025.07.21.665881",https://www.biorxiv.org/content/10.1101/2025.07.21.665881v1.full,Apakah PAM andal & efisien untuk pemantauan avifauna di lanskap kampus perkotaan biodiverse namun minim data,Menilai efektivitas PAM di kampus TIFRH (200 acre) dibanding survei tradisional,"17 perekam, ~3900 jam rekaman (Nov 2024-Mar 2025); diproses BirdNET analyzer default",Rekaman soundscape kampus TIFRH,BirdNET default (tanpa fine-tuning lokasi),"135 spesies terdeteksi, 59 salah identifikasi -> hanya 56.3% (76 spesies) benar",Preseden langsung RQ2 & RQ3: model global perlu kalibrasi threshold pada kampus spesifik
9,Nasional,Implementasi Model Transfer Learning Arsitektur ConvNeXt untuk Klasifikasi Suara Burung di Taman Nasional Way Kambas,"(Tim peneliti, lihat prosiding)",2025,"Prosiding SainTek, Universitas Terbuka, Vol. 2 No. 1",https://conference.ut.ac.id/index.php/saintek/article/view/5073,"Identifikasi & pemantauan populasi burung TN Way Kambas terkendala SDM, biaya, dan kompleksitas keahlian",Mengimplementasikan transfer learning ConvNeXt untuk klasifikasi suara burung TN Way Kambas & menemukan konfigurasi optimal,"Pendekatan biofoni, ekstraksi Mel Spectrogram, segmentasi klip 5 detik (librosa), dengan/tanpa augmentasi",Rekaman suara burung TN Way Kambas,ConvNeXt (Base) transfer learning,71% (dengan augmentasi data),"Lokasi & arsitektur sama dengan usulan TA; masih closed-set, belum diuji cross-domain ke soundscape lain"
10,Nasional,Klasifikasi Jenis Burung Cucak Berdasarkan Suara Menggunakan MFCC Dan Naive Bayes,"Putra, M. R.; Nurdiyansyah, F.; Rahman, A. Y.",2024,"JURNAL FASILKOM, 14(2), 463-470",https://doi.org/10.37859/jf.v14i2.7558,Identifikasi manual spesies burung famili Pycnonotidae yang bersuara mirip sulit dilakukan,Mengembangkan sistem klasifikasi suara burung berbasis MFCC & Naive Bayes untuk 5 spesies Pycnonotidae,Ekstraksi fitur MFCC + klasifikasi Naive Bayes,120 data suara burung dari Xeno-Canto,Naive Bayes,"52% (terendah) - 90% (tertinggi), bervariasi antarspesies","Baseline MFCC pada Xeno-Canto Indonesia; hanya diuji pada data focal bersih, belum pada kondisi lapangan berderau"
11,Nasional,Klasifikasi Jenis Burung Berdasarkan Suara Kicau Menggunakan Ekstraksi MFCC dan BiLSTM,(lihat OJS Komputa),2025,"Komputa: Jurnal Ilmiah Komputer dan Informatika, Universitas Komputer Indonesia",https://ojs.unikom.ac.id/index.php/komputa/article/view/17694,Penelitian MFCC sebelumnya belum optimal pada parameter lokal & belum memodelkan pola temporal dua arah,Mengkombinasikan MFCC teroptimasi dengan BiLSTM untuk klasifikasi burung Indonesia,MFCC 40 koefisien; augmentasi data (750 -> 3750 sampel); split 80:20,10 spesies burung Indonesia,BiLSTM,98%,Akurasi tinggi hanya pada closed-set data bersih; kontras dengan tantangan open-set berderau ITERA
12,Nasional,Klasifikasi Suara Katak Menggunakan Model Deep Learning,(lihat prosiding),2025,"Prosiding SainTek, Universitas Terbuka",https://conference.ut.ac.id/index.php/saintek/article/download/5065/1909/11831,Identifikasi spesies katak (bioindikator lingkungan) sulit karena keragaman spesies tinggi,Mengembangkan klasifikasi suara katak berbasis deep learning,Ekstraksi fitur MFCC; split 80% latih/10% uji/10% validasi; optimasi Adam,Rekaman suara katak format WAV,DenseNet-121 vs DenseNet-169,Peningkatan hingga 26.75% dibanding metode acuan sebelumnya (angka absolut final tidak eksplisit pada kutipan tersedia),Contoh bioakustik non-burung (Amphibians) di konteks Indonesia; masih closed-set
13,Nasional,"Identifikasi Jenis Anura dengan Bioakustik pada Kawasan Hutan Lindung Sungai Wain, Kalimantan Timur","Munda, dkk.",,"ULIN: Jurnal Hutan Tropis, Universitas Mulawarman",https://e-journals.unmul.ac.id/index.php/UJHT/article/view/11718,Inventarisasi anura konvensional (survei visual/penangkapan) invasif dan memakan waktu,Mengidentifikasi jenis anura di Hutan Lindung Sungai Wain via bioakustik non-invasif,Perekaman suara panggilan lapangan dibandingkan basis pengetahuan variasi suara anura Indonesia,Rekaman suara panggilan anura lapangan,Deskriptif-observasional (bukan ML otomatis),Tidak ada metrik ML (identifikasi berbasis pakar),Preseden penerimaan bioakustik untuk inventarisasi fauna kawasan konservasi Indonesia (RQ3)
14,Internasional,Comparison of Parametric Representations for Monosyllabic Word Recognition in Continuously Spoken Sentences,"Davis, S. B.; Mermelstein, P.",1980,"IEEE Transactions on Acoustics, Speech, and Signal Processing, 28(4), 357-366",https://doi.org/10.1109/TASSP.1980.1163420,Representasi parametrik spektral akustik yang optimal dan komputasional efisien untuk pengenalan wicara/suara kontinu,"Membandingkan efektivitas representasi parametrik spektral (termasuk MFCC, LPC, LFCC, spectrum)",Transformasi filter bank mel-frequency cepstrum (MFCC) dan distance cosine/euclidean,Dataset wicara monosilabik kontinu,MFCC (Mel-Frequency Cepstral Coefficients),MFCC secara konsisten mengungguli representasi parametrik linear lainnya,Dasar teoritis dan metodologis representasi baseline wajib R0 (MFCC + cosine similarity) sesuai katalog DSIC27-06
15,Internasional,CNN Architectures for Large-Scale Audio Classification,"Hershey, S.; Chaudhuri, S.; Ellis, D. P. W.; Gemmeke, J. F.; Jansen, A.; Moore, R. C.; Plakal, M.; Platt, D.; Saurous, R. A.; Seybold, B.; Slaney, M.; Weiss, R. J.; Wilson, K.",2017,"IEEE ICASSP 2017, 131-135",https://doi.org/10.1109/ICASSP.2017.7952132,Bagaimana arsitektur modern CNN komputer vision mentransfer kinerjanya pada klasifikasi audio skala besar (YouTube-8M),"Mengevaluasi berbagai varian CNN (AlexNet, VGG, Inception, ResNet) untuk ekstraksi representasi fitur audio skala masif",Ekstraksi log-mel spectrogram (96 frames x 64 mel bins) diproses dengan embedding CNN,YouTube-8M Audio Dataset (jutaan video),ResNet-50 / VGGish audio embeddings,ResNet-50 mencapai AUC 0.926 pada klasifikasi audio multi-label,Dasar konseptual penggunaan generic deep pretrained audio embedding (R1) dibanding hand-crafted spectral features (R0)
16,Internasional,Automatic acoustic detection of birds through deep learning: The first Bird Audio Detection challenge,"Stowell, D.; Wood, M.; Pamuła, H.; Stylianou, Y.; Glotin, H.",2019,"Methods in Ecology and Evolution, 10(3), 368-380",https://doi.org/10.1111/2041-210X.13103,Generalisasi deteksi suara burung mengalami penurunan tajam ketika diuji pada kondisi akustik lapangan (acoustic scene mismatch & environmental noise),Menyelenggarakan evaluasi terbuka deteksi suara burung pada rekaman lapangan berderau lintas lokasi dan mikrofon yang tidak terlihat saat pelatihan,"Standarisasi cross-dataset testing; evaluasi model peserta berbasis CNN, RNN, dan ensemble","Freefield1010, Warblr, dan rekaman pemantauan habitat basah Chernobyl",CNN ensembles dan deep audio classifiers,Model terbaik mencapai ROC-AUC 88-89% pada dataset uji yang tidak terlihat,Landasan bahwa domain shift dan environmental noise menurunkan performa secara signifikan; urgensi paired SNR robustness testing
17,Internasional,Global birdsong embeddings enable superior transfer learning for bioacoustic classification,"Ghani, B.; Denton, T.; Kahl, S.; Klinck, H.",2023,"Scientific Reports, 13, 22876",https://doi.org/10.1038/s41598-023-49989-z,Minimnya representasi embedding bioakustik terpadu yang dapat digeneralisasi ke spesies global dengan data rekaman terbatas (low-resource),Menghasilkan representasi embedding bioakustik global berkualitas tinggi berbasis transfer learning untuk klasifikasi bioakustik,Self-supervised/supervised pretraining pada jutaan rekaman burung global dievaluasi via linear probing dan k-NN similarity,Xeno-Canto global (>10.000 spesies) + soundscape multi-benua,Global Birdsong Embeddings (Perch/EfficientNet backbones),Mengungguli generic audio embeddings secara masif pada seluruh benchmark bioakustik target,Rujukan langsung untuk representasi R2 (bioacoustic-specific embedding); novelty TA diposisikan pada retrieval robustness bukan pada pembuatan model embedding baru
18,Internasional,BirdSet: A Large-Scale Dataset for Audio Classification in Avian Bioacoustics,"Rauch, L.; Schwinger, R.; Wirth, M.; Heinrich, R.; Huseljic, D.; Herde, M.; Lange, J.; Kahl, S.; Sick, B.",2025,International Conference on Learning Representations (ICLR 2025),https://openreview.net/forum?id=BirdSet_ICLR2025,"Benchmark bioakustik yang ada sebelumnya terfragmentasi, tidak seragam dalam metrik evaluasi, serta kurang mewakili pergeseran domain focal-to-soundscape yang terstandardisasi","Menyediakan benchmark skala besar terpadu (BirdSet) mencakup multi-spesies, variasi rekaman soundscape, dan protokol benchmarking reproducible","Standardisasi task focal-to-soundscape transfer, kalibrasi threshold, dan evaluasi multi-label/open-set","Kompilasi rekaman focal Xeno-Canto + soundscape teranotasi (POW, HSN, SSW, SNE, PER, dll.)","ConvNeXt, EfficientNet-B0, ResNet, BirdNET, Perch",Performa baseline benchmark terdokumentasi lengkap; model berbasis bioakustik mengungguli model generik pada kondisi soundscape,Membuktikan bahwa pengujian cross-domain focal-to-soundscape sudah menjadi standar riset modern; memperkuat arah TA untuk paired local robustness benchmark
Introduction to Information Retrieval,"Manning, C. D., Raghavan, P., & Schütze, H.",2008,"Information Retrieval, mAP, Recall, Precision",Dasar metodologi evaluasi Similarity Retrieval,Manning_Introduction_to_Information_Retrieval_2008.pdf
Toward Open Set Recognition,"Scheirer, W. J., de Rezende Rocha, A., Sapkota, A., & Boult, T. E.",2012,"Open Set, Calibration, Threshold",Metodologi penentuan threshold untuk data open set,Scheirer_Toward_Open_Set_Recognition_2012.pdf
