No,Kategori,Judul,Penulis,Tahun,Sumber_Jurnal,DOI_Link,Masalah,Tujuan,Metode,Dataset,Model,Akurasi_Hasil,Gap_Relevansi_TA;;;;;;;;;;
"1,Internasional,A Case Study: Using Passive Acoustic Monitoring Devices In A Growing Urban Landscape To Monitor Avian Diversity,(Tim TIFRH Hyderabad),2025,""bioRxiv, 10.1101/2025.07.21.665881"",https://www.biorxiv.org/content/10.1101/2025.07.21.665881v1.full,Apakah PAM andal & efisien untuk pemantauan avifauna di lanskap kampus perkotaan biodiverse namun minim data,Menilai efektivitas PAM di kampus TIFRH (200 acre) dibanding survei tradisional,""17 perekam, ~3900 jam rekaman (Nov 2024-Mar 2025)";" diproses BirdNET analyzer default"",Rekaman soundscape kampus TIFRH,BirdNET default (tanpa fine-tuning lokasi),""135 spesies terdeteksi, 59 salah identifikasi -> hanya 56.3% (76 spesies) benar"",Preseden langsung RQ2 & RQ3: model global perlu kalibrasi threshold pada kampus spesifik";;;;;;;;;
"2,Nasional,Implementasi Model Transfer Learning Arsitektur ConvNeXt untuk Klasifikasi Suara Burung di Taman Nasional Way Kambas,""(Tim peneliti, lihat prosiding)"",2025,""Prosiding SainTek, Universitas Terbuka, Vol. 2 No. 1"",https://conference.ut.ac.id/index.php/saintek/article/view/5073,""Identifikasi & pemantauan populasi burung TN Way Kambas terkendala SDM, biaya, dan kompleksitas keahlian"",Mengimplementasikan transfer learning ConvNeXt untuk klasifikasi suara burung TN Way Kambas & menemukan konfigurasi optimal,""Pendekatan biofoni, ekstraksi Mel Spectrogram, segmentasi klip 5 detik (librosa), dengan/tanpa augmentasi"",Rekaman suara burung TN Way Kambas,ConvNeXt (Base) transfer learning,71% (dengan augmentasi data),""Lokasi & arsitektur sama dengan usulan TA";" masih closed-set, belum diuji cross-domain ke soundscape lain""";;;;;;;;;
"3,Nasional,Klasifikasi Jenis Burung Berdasarkan Suara Kicau Menggunakan Ekstraksi MFCC dan BiLSTM,(lihat OJS Komputa),2025,""Komputa: Jurnal Ilmiah Komputer dan Informatika, Universitas Komputer Indonesia"",https://ojs.unikom.ac.id/index.php/komputa/article/view/17694,Penelitian MFCC sebelumnya belum optimal pada parameter lokal & belum memodelkan pola temporal dua arah,Mengkombinasikan MFCC teroptimasi dengan BiLSTM untuk klasifikasi burung Indonesia,MFCC 40 koefisien"; augmentasi data (750 -> 3750 sampel); split 80:20,10 spesies burung Indonesia,BiLSTM,98%,Akurasi tinggi hanya pada closed-set data bersih; kontras dengan tantangan open-set berderau ITERA;;;;;;;
"4,Nasional,Klasifikasi Suara Katak Menggunakan Model Deep Learning,(lihat prosiding),2025,""Prosiding SainTek, Universitas Terbuka"",https://conference.ut.ac.id/index.php/saintek/article/download/5065/1909/11831,Identifikasi spesies katak (bioindikator lingkungan) sulit karena keragaman spesies tinggi,Mengembangkan klasifikasi suara katak berbasis deep learning,Ekstraksi fitur MFCC"; split 80% latih/10% uji/10% validasi; optimasi Adam,Rekaman suara katak format WAV,DenseNet-121 vs DenseNet-169,Peningkatan hingga 26.75% dibanding metode acuan sebelumnya (angka absolut final tidak eksplisit pada kutipan tersedia),Contoh bioakustik non-burung (Amphibians) di konteks Indonesia; masih closed-set;;;;;;;
"5,Internasional,BirdSet: A Large-Scale Dataset for Audio Classification in Avian Bioacoustics,""Rauch, L."; Schwinger, R.; Wirth, M.; Heinrich, R.; Huseljic, D.; Herde, M.; Lange, J.; Kahl, S.;" Sick, B."",2025,International Conference on Learning Representations (ICLR 2025),https://openreview.net/forum?id=BirdSet_ICLR2025,""Benchmark bioakustik yang ada sebelumnya terfragmentasi, tidak seragam dalam metrik evaluasi, serta kurang mewakili pergeseran domain focal-to-soundscape yang terstandardisasi"",""Menyediakan benchmark skala besar terpadu (BirdSet) mencakup multi-spesies, variasi rekaman soundscape, dan protokol benchmarking reproducible"",""Standardisasi task focal-to-soundscape transfer, kalibrasi threshold, dan evaluasi multi-label/open-set"",""Kompilasi rekaman focal Xeno-Canto + soundscape teranotasi (POW, HSN, SSW, SNE, PER, dll.)"",""ConvNeXt, EfficientNet-B0, ResNet, BirdNET, Perch"",Performa baseline benchmark terdokumentasi lengkap"; model berbasis bioakustik mengungguli model generik pada kondisi soundscape,Membuktikan bahwa pengujian cross-domain focal-to-soundscape sudah menjadi standar riset modern; memperkuat arah TA untuk paired local robustness benchmark
6,Internasional,Domain-Invariant Representation Learning of Bird Sounds,(lihat arXiv),2024,arXiv:2409.08589,https://arxiv.org/abs/2409.08589,Domain shift focal-soundscape mempersulit generalisasi model;" SupCon sebelumnya hanya diuji focal-ke-focal,Mengusulkan pembelajaran representasi invarian domain khusus suara burung,ProtoCLR (varian supervised contrastive learning berbasis prototipe kelas),""Split soundscape BIRB (Sierra Nevada, Hawaii, Kolombia, Kosta Rika, dll.)"",ProtoCLR vs SupCon,ProtoCLR meningkatkan generalisasi few-shot classification lintas dataset BIRB (angka rinci di tabel paper),Memperkuat argumen kebaruan: cross-domain retrieval tahan derau masih riset aktif";;;;;;;;;
"7,Nasional,Klasifikasi Jenis Burung Cucak Berdasarkan Suara Menggunakan MFCC Dan Naive Bayes,""Putra, M. R."; Nurdiyansyah, F.;" Rahman, A. Y."",2024,""JURNAL FASILKOM, 14(2), 463-470"",https://doi.org/10.37859/jf.v14i2.7558,Identifikasi manual spesies burung famili Pycnonotidae yang bersuara mirip sulit dilakukan,Mengembangkan sistem klasifikasi suara burung berbasis MFCC & Naive Bayes untuk 5 spesies Pycnonotidae,Ekstraksi fitur MFCC + klasifikasi Naive Bayes,120 data suara burung dari Xeno-Canto,Naive Bayes,""52% (terendah) - 90% (tertinggi), bervariasi antarspesies"",""Baseline MFCC pada Xeno-Canto Indonesia";" hanya diuji pada data focal bersih, belum pada kondisi lapangan berderau""";;;;;;;
"8,Internasional,BIRB: A Generalization Benchmark for Information Retrieval in Bioacoustics,""Hamer, J."; Triantafillou, E.; Van Merrienboer, B.; Kahl, S.; Klinck, H.; Denton, T.;" Dumoulin, V."",2023,arXiv:2312.07439,https://arxiv.org/abs/2312.07439,Belum ada benchmark realistis untuk generalisasi/retrieval pada domain bioakustik (fokus riset generalisasi masih di citra),Menyusun benchmark retrieval vokalisasi burung dari data soundscape berbekal exemplar focal recording,Representation learning + nearest-centroid search"; exemplar focal untuk retrieval pada korpus target,Xeno-Canto (upstream) + berbagai dataset soundscape (evaluasi),Baseline representation learning (nearest-centroid),Metrik berbasis retrieval (mAP/precision/recall per subset); lihat tabel lengkap paper,Kerangka metodologis paling dekat dengan skema retrieval TA (RQ1-RQ3); acuan metrik mAP@k/Precision@k/Recall@k;
"9,Internasional,Global birdsong embeddings enable superior transfer learning for bioacoustic classification,""Ghani, B."; Denton, T.; Kahl, S.;" Klinck, H."",2023,""Scientific Reports, 13, 22876"",https://doi.org/10.1038/s41598-023-49989-z,Minimnya representasi embedding bioakustik terpadu yang dapat digeneralisasi ke spesies global dengan data rekaman terbatas (low-resource),Menghasilkan representasi embedding bioakustik global berkualitas tinggi berbasis transfer learning untuk klasifikasi bioakustik,Self-supervised/supervised pretraining pada jutaan rekaman burung global dievaluasi via linear probing dan k-NN similarity,Xeno-Canto global (>10.000 spesies) + soundscape multi-benua,Global Birdsong Embeddings (Perch/EfficientNet backbones),Mengungguli generic audio embeddings secara masif pada seluruh benchmark bioakustik target,Rujukan langsung untuk representasi R2 (bioacoustic-specific embedding)"; novelty TA diposisikan pada retrieval robustness bukan pada pembuatan model embedding baru;;;;;;
10,Internasional,Few-shot bioacoustic event detection at the DCASE 2022 challenge,(Panitia DCASE),2022,arXiv:2207.07911,https://arxiv.org/abs/2207.07911,Anotasi bioakustik mahal;" banyak kelas suara satwa hanya punya sedikit contoh berlabel,Melaporkan hasil tantangan few-shot bioacoustic sound event detection DCASE 2022,Baseline template matching (cross-correlation) vs prototypical network (episodic learning),""19 kelas suara (burung, hiena, meerkat), ~14 jam 20 menit, 4686 event berlabel"",Prototypical network + transductive learning,F-score tertinggi 60.2% pada evaluation set,Justifikasi metode berbasis jarak/similarity (dekat k-NN) untuk kondisi data minim per spesies";;;;;;;;;
"11,Internasional,Open-Set Recognition: A Good Closed-Set Classifier is All You Need,""Vaze, S., Han, K., Vedaldi, A., & Zisserman, A."",2022,ICLR 2022,https://arxiv.org/abs/2110.06207,Pembuatan arsitektur OOD khusus terlalu kompleks (menggantikan Scheirer 2012),Mendemonstrasikan thresholding / kalibrasi simpel sangat efektif untuk Open-Set,Maximum Softmax Probability (MSP) & Logit Thresholding,ImageNet-OOD,VGG / ResNet,AUROC SOTA pada benchmark open-set standar,Dasar metodologi kalibrasi open-set / background noise rejection pada TA";;;;;;;;;;
"12,Internasional,BirdNET: A deep learning solution for avian diversity monitoring,""Kahl, S."; Wood, C. M.; Eibl, M.;" Klinck, H."",2021,""Ecological Informatics, 61, 101236"",https://doi.org/10.1016/j.ecoinf.2021.101236,Volume rekaman PAM terlalu besar untuk diidentifikasi manual"; model sulit menggeneralisasi ke berbagai kondisi geografis/akustik,Mengembangkan sistem klasifikasi suara burung berbasis deep learning yang mudah diterapkan luas termasuk pada rekaman lapangan berderau,CNN (backbone mirip EfficientNet) atas spektrogram klip 3 detik; deteksi segmen bersuara berbasis kekuatan sinyal;" augmentasi domain,Jutaan rekaman Xeno-Canto + soundscape (termasuk live-stream Sapsucker Woods),""BirdNET (EfficientNet-like), >6000 kelas termasuk non-burung"",""Top-1 77.7%, AUC 0.974 (primary prediction)";" turun signifikan pada domain soundscape"",Dasar empiris domain shift focal-soundscape untuk RQ1 & RQ2";;;
"13,Internasional,Overview of BirdCLEF 2021: Bird call identification in soundscape recordings,(Panitia BirdCLEF/LifeCLEF),2021,""CEUR Workshop Proceedings, Vol-2936"",https://ceur-ws.org/Vol-2936/paper-123.pdf,Domain gap antara sampel latih focal berkualitas tinggi dan sampel uji soundscape berderau,Melaporkan hasil kompetisi identifikasi panggilan burung pada soundscape edisi 2021,Kompetisi";" kombinasi data focal+soundscape berbagai lokasi geografis,""Xeno-Canto + soundscape multi-lokasi (metadata jenis panggilan, kualitas, migrasi)"",Beragam model peserta kompetisi,Pola konsisten: akurasi soundscape jauh lebih rendah dibanding focal,Bukti kuantitatif skala-kompetisi untuk urgensi similarity threshold optimal (RQ2)";;;;;;;;;
"14,Internasional,FSD50K: an open dataset of human-labeled sound events,""Fonseca, E., Favory, X., Pons, J., Font, F., & Serra, X."",2021,""IEEE/ACM Transactions on Audio, Speech, and Language Processing"",https://arxiv.org/abs/2010.00475,Kurangnya dataset evaluasi audio berskala besar yang realistis dan open-source (menggantikan ESC-50),Menyediakan benchmark modern skala masif (51k klip) untuk klasifikasi dan retrieval audio,""Koleksi Freesound, anotasi crowdsourcing, label hierarkis"",FSD50K,Baseline CNN (VGG-like),mAP ~ 0.54,Benchmark pengganti standar untuk pengujian model audio generik (R1)";;;;;;;;;;
"15,Internasional,AST: Audio Spectrogram Transformer,""Gong, Y., Chung, Y. A., & Glass, J."",2021,Interspeech 2021,https://arxiv.org/abs/2104.01778,""CNN bergantung pada bias lokalisasi translasi, kurang mampu menangkap konteks temporal panjang audio (menggantikan CNN Hershey 2017)"",Menerapkan arsitektur attention murni (Transformer) ke domain audio spectrogram,Vision Transformer (ViT) diaplikasikan pada patch log-mel spectrogram audio,""AudioSet, ESC-50, SpeechCommands"",AST (Audio Spectrogram Transformer),mAP 0.459 (SOTA di AudioSet),Dasar arsitektur embedding modern tanpa konvolusi sebagai perbandingan R1/R2 masa kini";;;;;;;;;;
"16,Internasional,PANNs: Large-Scale Pretrained Audio Neural Networks for Audio Pattern Recognition,""Kong, Q."; Cao, Y.; Iqbal, T.; Wang, Y.; Wang, W.;" Plumbley, M. D."",2020,""IEEE/ACM Transactions on Audio, Speech, and Language Processing, 28, 2880-2894"",https://arxiv.org/abs/1912.10211,Minimnya penelitian pretraining audio berskala besar yang representasinya dapat ditransfer ke berbagai tugas,Mengusulkan PANNs dan mengevaluasi transferabilitas representasinya ke 6 tugas pengenalan pola audio,Pretraining pada AudioSet (label lemah) memakai berbagai varian CNN termasuk Wavegram-Logmel-CNN,AudioSet (527 kategori peristiwa suara),PANNs / Wavegram-Logmel-CNN,mAP 0.439 (vs baseline Google 0.317),Pembanding embedding generik vs embedding spesifik-burung (BirdNET) untuk RQ1";;;;;
"17,Internasional,A Metric Learning Reality Check,""Musgrave, K., Belongie, S., & Lim, S. N."",2020,ECCV 2020,https://arxiv.org/abs/2003.08505,Evaluasi sistem metrik retrieval sering bias dan tidak adil (menggantikan Manning 2008),Menstandarisasi metrik mAP dan Precision@k untuk membandingkan model berbasis embedding,Evaluasi ketat ulang dengan hyperparameter tuning yang konsisten,Beragam Dataset Gambar/Audio,ResNet,Mengoreksi klaim akurasi banyak arsitektur,Buku suci modern penentuan evaluasi retrieval (mAP) di era Deep Learning";;;;;;;;;;
"18,Nasional,""Identifikasi Jenis Anura dengan Bioakustik pada Kawasan Hutan Lindung Sungai Wain, Kalimantan Timur"",""Munda, dkk."",,""ULIN: Jurnal Hutan Tropis, Universitas Mulawarman"",https://e-journals.unmul.ac.id/index.php/UJHT/article/view/11718,Inventarisasi anura konvensional (survei visual/penangkapan) invasif dan memakan waktu,Mengidentifikasi jenis anura di Hutan Lindung Sungai Wain via bioakustik non-invasif,Perekaman suara panggilan lapangan dibandingkan basis pengetahuan variasi suara anura Indonesia,Rekaman suara panggilan anura lapangan,Deskriptif-observasional (bukan ML otomatis),Tidak ada metrik ML (identifikasi berbasis pakar),Preseden penerimaan bioakustik untuk inventarisasi fauna kawasan konservasi Indonesia (RQ3)";;;;;;;;;;
