id,species_key,scientific_name,common_name,is_endemic_sumatra,quality,recordist,date,time,country,locality,latitude,longitude,elevation,length_sec,license,url_page,url_audio,file_path,sha256,status
1082251,Apalharpactes mackloti,Apalharpactes mackloti,Sumatran Trogon,True,A,Kalvin Chan,2026-01-19,07:30,Indonesia,"Gunung Tujuh, Kerinci Regency, Jambi",-1.7099,,,0:18,https://creativecommons.org/licenses/by-nc-sa/4.0/,https://xeno-canto.org/1082251,https://xeno-canto.org/1082251/download,data/xeno_canto/Apalharpactes mackloti/A/XC1082251 - Sumatran Trogon - Apalharpactes mackloti.mp3,330cfaaeeaba498e5bdf6a502dbb1c3c4cc82a90d84e0318a683b9475310ed0d,Ready_Existing
1082252,Apalharpactes mackloti,Apalharpactes mackloti,Sumatran Trogon,True,A,Kalvin Chan,2026-01-19,07:30,Indonesia,"Gunung Tujuh, Kerinci Regency, Jambi",-1.7099,,,0:34,https://creativecommons.org/licenses/by-nc-sa/4.0/,https://xeno-canto.org/1082252,https://xeno-canto.org/1082252/download,data/xeno_canto/Apalharpactes mackloti/A/XC1082252 - Sumatran Trogon - Apalharpactes mackloti.mp3,bc0feb58bab37e9bc723d041526035d57fae241c9b0b3e5944512a126e00d08a,Ready_Existing
409514,Apalharpactes mackloti,Apalharpactes mackloti,Sumatran Trogon,True,A,Frank Lambert,2016-07-03,15:36,Indonesia,"Mount Kerinci, West Sumatra, Sumatra",-1.7342,,,0:33,https://creativecommons.org/licenses/by-nc-nd/4.0/,https://xeno-canto.org/409514,https://xeno-canto.org/409514/download,data/xeno_canto/Apalharpactes mackloti/A/XC409514 - Sumatran Trogon - Apalharpactes mackloti.mp3,7663593208d817fa6828df7b4cc839f9f258c8a2a23a193665a6627e43327ddb,Ready_Existing
409516,Apalharpactes mackloti,Apalharpactes mackloti,Sumatran Trogon,True,A,Frank Lambert,2016-07-04,08:00,Indonesia,"Mount Kerinci, West Sumatra, Sumatra",-1.7342,,,0:48,https://creativecommons.org/licenses/by-nc-nd/4.0/,https://xeno-canto.org/409516,https://xeno-canto.org/409516/download,data/xeno_canto/Apalharpactes mackloti/A/XC409516 - Sumatran Trogon - Apalharpactes mackloti.mp3,6030acaa5081aba83140e21c2dfa9b50e6b12e51f9423d6f9c3d8e83acdc0d60,Ready_Existing
374026,Apalharpactes mackloti,Apalharpactes mackloti,Sumatran Trogon,True,B,Kim Chuah Lim,2017-05-23,11:00,Indonesia,"Sumatra, Gunung Kerinci",-1.74,,,0:42,https://creativecommons.org/licenses/by-nc-sa/4.0/,https://xeno-canto.org/374026,https://xeno-canto.org/374026/download,data/xeno_canto/Apalharpactes mackloti/B/XC374026 - Sumatran Trogon - Apalharpactes mackloti.mp3,e4e0747ab17556b38b50925b126f9b174ad611649dc2c4087880e5f139f64fec,Ready_Existing
621171,Apalharpactes mackloti,Apalharpactes mackloti,Sumatran Trogon,True,B,Rainforest Connection,2020-05-16,12:30,Indonesia,"Koto Parik Gadang Diateh, Kabupaten Solok Selatan, Sumatera Barat",-1.405,,,0:39,https://creativecommons.org/licenses/by-nc-sa/4.0/,https://xeno-canto.org/621171,https://xeno-canto.org/621171/download,data/xeno_canto/Apalharpactes mackloti/B/XC621171 - Sumatran Trogon - Apalharpactes mackloti (1).mp3,b2ac74ccfb5fe2eb4ef09335017548ddb3e2af674c94e9f9d8b2d36d1d93306d,Ready_Existing
621171,Apalharpactes mackloti,Apalharpactes mackloti,Sumatran Trogon,True,B,Rainforest Connection,2020-05-16,12:30,Indonesia,"Koto Parik Gadang Diateh, Kabupaten Solok Selatan, Sumatera Barat",-1.405,,,0:39,https://creativecommons.org/licenses/by-nc-sa/4.0/,https://xeno-canto.org/621171,https://xeno-canto.org/621171/download,data/xeno_canto/Apalharpactes mackloti/B/XC621171 - Sumatran Trogon - Apalharpactes mackloti.mp3,b2ac74ccfb5fe2eb4ef09335017548ddb3e2af674c94e9f9d8b2d36d1d93306d,Ready_Existing
691498,Apalharpactes mackloti,Apalharpactes mackloti,Sumatran Trogon,True,B,Mike Nelson,2016-08-24,11:30,Indonesia,"Mount Kerinci, West Sumatra, Sumatra",-1.7342,,,3:08,https://creativecommons.org/licenses/by-nc-sa/4.0/,https://xeno-canto.org/691498,https://xeno-canto.org/691498/download,data/xeno_canto/Apalharpactes mackloti/B/XC691498 - Sumatran Trogon - Apalharpactes mackloti.mp3,d34f824ae108f8289add88a1ff53f12da781ef4f5f635e6f17e8129a10590928,Ready_Existing
374656,Apalharpactes mackloti,Apalharpactes mackloti,Sumatran Trogon,True,C,Kim Chuah Lim,2017-05-23,12:00,Indonesia,"Sumatra, Gunung Kerinci",-1.74,,,0:04,https://creativecommons.org/licenses/by-nc-sa/4.0/,https://xeno-canto.org/374656,https://xeno-canto.org/374656/download,data/xeno_canto/Apalharpactes mackloti/C/XC374656 - Sumatran Trogon - Apalharpactes mackloti.mp3,22cf1f47c20761507e27bd3d3574f0293985e6b031f286534c020cdb9decffc9,Ready_Existing
499303,Apalharpactes mackloti,Apalharpactes mackloti,Sumatran Trogon,True,C,Ding Li Yong,2019-09-16,15:00,Indonesia,"Sumatra, Kabupaten Dairi, Sumatera Utara",2.8099,,,0:34,https://creativecommons.org/licenses/by-nc-nd/4.0/,https://xeno-canto.org/499303,https://xeno-canto.org/499303/download,data/xeno_canto/Apalharpactes mackloti/C/XC499303 - Sumatran Trogon - Apalharpactes mackloti.mp3,c840ba30944ef13ae19442100a50107286df1df0d9055712d2bf29e2149b9fbf,Ready_Existing
1082243,Batrachostomus_poliolophus,Batrachostomus poliolophus,Sumatran Frogmouth,True,A,Kalvin Chan,2026-01-18,19:30,Indonesia,"Mount Kerinci, West Sumatra, Sumatra",-1.7342,,,0:07,https://creativecommons.org/licenses/by-nc-sa/4.0/,https://xeno-canto.org/1082243,https://xeno-canto.org/1082243/download,data/xeno_canto/Batrachostomus_poliolophus/A/XC1082243 - Sumatran Frogmouth - Batrachostomus poliolophus.mp3,4ead4da8d01ba1fae339e2a574e8dc14e68bed5325a5727d06e7822d280379a8,Ready_Existing
56930,Batrachostomus_poliolophus,Batrachostomus poliolophus,Sumatran Frogmouth,True,A,Fabian Ducry &amp; David Marques,2009-08-28,21:03,Indonesia,"Mount Kerinci, West Sumatra, Sumatra",-1.7342,,,0:44,https://creativecommons.org/licenses/by-nc-nd/2.5/,https://xeno-canto.org/56930,https://xeno-canto.org/56930/download,data/xeno_canto/Batrachostomus_poliolophus/A/XC56930 - Sumatran Frogmouth - Batrachostomus poliolophus.mp3,be2c4b717564b3ae31a1947c419a4d017fc7a1953bf7404e5ac27c97eaa13b78,Ready_Existing
90910,Batrachostomus_poliolophus,Batrachostomus poliolophus,Sumatran Frogmouth,True,A,Fabian Ducry &amp; David Marques,2009-09-08,?,Indonesia,"Danau Ranau, Bukit Barisan Selatan NP, Lampung, Sumatra ",-4.9667,,,0:06,https://creativecommons.org/licenses/by-nc-nd/2.5/,https://xeno-canto.org/90910,https://xeno-canto.org/90910/download,data/xeno_canto/Batrachostomus_poliolophus/A/XC90910 - Sumatran Frogmouth - Batrachostomus poliolophus.mp3,c9098876e646c7153ad08b52e1ad8eb96c7bfb1fe84efc9f86415674cb5d1600,Ready_Existing
241720,Batrachostomus_poliolophus,Batrachostomus poliolophus,Sumatran Frogmouth,True,B,Mike Nelson,2015-02-26,20:00,Indonesia,"Mount Kerinci, West Sumatra, Sumatra",-1.7342,,,0:02,https://creativecommons.org/licenses/by-nc-sa/4.0/,https://xeno-canto.org/241720,https://xeno-canto.org/241720/download,data/xeno_canto/Batrachostomus_poliolophus/B/XC241720 - Sumatran Frogmouth - Batrachostomus poliolophus.mp3,0c36f28a921b9f7b3004216e3420fdd5fabde22fd4a5ea28bfb41b9216315915,Ready_Existing
241718,Batrachostomus_poliolophus,Batrachostomus poliolophus,Sumatran Frogmouth,True,C,Mike Nelson,2015-02-25,06:00,Indonesia,"Mount Kerinci, West Sumatra, Sumatra",-1.7342,,,0:28,https://creativecommons.org/licenses/by-nc-sa/4.0/,https://xeno-canto.org/241718,https://xeno-canto.org/241718/download,data/xeno_canto/Batrachostomus_poliolophus/C/XC241718 - Sumatran Frogmouth - Batrachostomus poliolophus.mp3,466fd1f0f2091bca00fc52bfb850837cf9c8804e1ad347d4ebfe4b9e7d534b4d,Ready_Existing
409525,Batrachostomus_poliolophus,Batrachostomus poliolophus,Sumatran Frogmouth,True,C,Frank Lambert,2016-07-04,05:35,Indonesia,"Mount Kerinci, West Sumatra, Sumatra",-1.7342,,,0:28,https://creativecommons.org/licenses/by-nc-nd/4.0/,https://xeno-canto.org/409525,https://xeno-canto.org/409525/download,data/xeno_canto/Batrachostomus_poliolophus/C/XC409525 - Sumatran Frogmouth - Batrachostomus poliolophus.mp3,f3baebaa70958fa77f54d0fa0256c84826b3e96ba40cd0b57a439ffa8642455e,Ready_Existing
621170,Batrachostomus_poliolophus,Batrachostomus poliolophus,Sumatran Frogmouth,True,E,Rainforest Connection,2019-09-07,00:30,Indonesia,"Payung Sekaki, Solok, Sumatera Barat",-0.8819,,,1:00,https://creativecommons.org/licenses/by-nc-sa/4.0/,https://xeno-canto.org/621170,https://xeno-canto.org/621170/download,data/xeno_canto/Batrachostomus_poliolophus/E/XC621170 - Sumatran Frogmouth - Batrachostomus poliolophus.mp3,acb09a2da6985837bf232444bf2643cc54d330cae2b8ff4ccefaf46ed0081c71,Ready_Existing
39384,Caprimulgus_pulchellus,Caprimulgus pulchellus,Salvadori's Nightjar,True,A,Charles Davies,2009-08-01,18:00,Indonesia,"Gunung Gede National Park, Java ",-6.727348,,,0:37,https://creativecommons.org/licenses/by-nc-nd/2.5/,https://xeno-canto.org/39384,https://xeno-canto.org/39384/download,data/xeno_canto/Caprimulgus_pulchellus/A/XC39384 - Salvadori's Nightjar - Caprimulgus pulchellus.mp3,e445aded276d336998d12ab31de7478a55b923a585dde3c9a03b301e5b803b1a,Ready_Existing
409533,Caprimulgus_pulchellus,Caprimulgus pulchellus,Salvadori's Nightjar,True,A,Frank Lambert,2016-07-05,06:10,Indonesia,"Mount Kerinci, West Sumatra, Sumatra",-1.7342,,,0:03,https://creativecommons.org/licenses/by-nc-nd/4.0/,https://xeno-canto.org/409533,https://xeno-canto.org/409533/download,data/xeno_canto/Caprimulgus_pulchellus/A/XC409533 - Salvadori's Nightjar - Caprimulgus pulchellus pulchellus.mp3,f7ed0693aabfb5016127ac33e236de45955442f08eb4032de46fcb18568efe06,Ready_Existing
898778,Caprimulgus_pulchellus,Caprimulgus pulchellus,Salvadori's Nightjar,True,A,Robert Hutchinson,2023-06-09,19:00,Indonesia,"Meratus, East Kalimantan, Borneo",-0.9492,,,0:56,https://creativecommons.org/licenses/by-nc-sa/4.0/,https://xeno-canto.org/898778,https://xeno-canto.org/898778/download,data/xeno_canto/Caprimulgus_pulchellus/A/XC898778 - Salvadori's Nightjar - Caprimulgus pulchellus.mp3,b18662082b19b8f62256cd956b4ac995d19f9b0be393355db33d7170ca0cf5d6,Ready_Existing
898779,Caprimulgus_pulchellus,Caprimulgus pulchellus,Salvadori's Nightjar,True,A,Robert Hutchinson,2023-06-09,19:00,Indonesia,"Meratus, East Kalimantan, Borneo",-0.9492,,,0:11,https://creativecommons.org/licenses/by-nc-sa/4.0/,https://xeno-canto.org/898779,https://xeno-canto.org/898779/download,data/xeno_canto/Caprimulgus_pulchellus/A/XC898779 - Salvadori's Nightjar - Caprimulgus pulchellus.mp3,e5ff8fbc96cb83471fd1be96627c7c80323c124db0b3f64524979cce674741f5,Ready_Existing
898780,Caprimulgus_pulchellus,Caprimulgus pulchellus,Salvadori's Nightjar,True,A,Robert Hutchinson,2023-06-09,19:00,Indonesia,"Meratus, East Kalimantan, Borneo",-0.9492,,,0:22,https://creativecommons.org/licenses/by-nc-sa/4.0/,https://xeno-canto.org/898780,https://xeno-canto.org/898780/download,data/xeno_canto/Caprimulgus_pulchellus/A/XC898780 - Salvadori's Nightjar - Caprimulgus pulchellus.mp3,951438004bd6de79a69a9638f37d21cfcac5fc06ea4c5a01b7d58b67c13d3240,Ready_Existing
898781,Caprimulgus_pulchellus,Caprimulgus pulchellus,Salvadori's Nightjar,True,A,Robert Hutchinson,2023-06-09,19:00,Indonesia,"Meratus, East Kalimantan, Borneo",-0.9492,,,0:31,https://creativecommons.org/licenses/by-nc-sa/4.0/,https://xeno-canto.org/898781,https://xeno-canto.org/898781/download,data/xeno_canto/Caprimulgus_pulchellus/A/XC898781 - Salvadori's Nightjar - Caprimulgus pulchellus.mp3,e0f426e0041e73dd54538b7b18b2577e45fbb34c3cbf40e477cd9529625b8393,Ready_Existing
23119,Caprimulgus_pulchellus,Caprimulgus pulchellus,Salvadori's Nightjar,True,B,George Wagner,2008-07-13,05:56,Indonesia,"Mount Kerinci, West Sumatra, Sumatra",-1.7342,,,0:14,https://creativecommons.org/licenses/by-nc-nd/2.5/,https://xeno-canto.org/23119,https://xeno-canto.org/23119/download,data/xeno_canto/Caprimulgus_pulchellus/B/XC23119 - Salvadori's Nightjar - Caprimulgus pulchellus.mp3,a58ddb49f613e2c75553c9593f512cc3dc80748e61eb7c9ce61da3693882976e,Ready_Existing
241698,Caprimulgus_pulchellus,Caprimulgus pulchellus,Salvadori's Nightjar,True,B,Mike Nelson,2015-02-24,05:00,Indonesia,"Mount Kerinci, West Sumatra, Sumatra",-1.7342,,,1:21,https://creativecommons.org/licenses/by-nc-sa/4.0/,https://xeno-canto.org/241698,https://xeno-canto.org/241698/download,data/xeno_canto/Caprimulgus_pulchellus/B/XC241698 - Salvadori's Nightjar - Caprimulgus pulchellus.mp3,45d96e690384ec8eeda7980c973fc9de88a6f37492aa849fae60577eb0314989,Ready_Existing
756648,Caprimulgus_pulchellus,Caprimulgus pulchellus,Salvadori's Nightjar,True,B,Panji Gusti Akbar,2022-10-04,20:00,Indonesia,"Sakura Guesthouse, Cibodas Botanical Garden",-6.7432,,,0:14,https://creativecommons.org/licenses/by-nc-sa/4.0/,https://xeno-canto.org/756648,https://xeno-canto.org/756648/download,data/xeno_canto/Caprimulgus_pulchellus/B/XC756648 - Salvadori's Nightjar - Caprimulgus pulchellus.mp3,0f4393be476c4cb636614541c8939f54d3bccc48572e42e967699f5f2def3efe,Ready_Existing
90805,Caprimulgus_pulchellus,Caprimulgus pulchellus,Salvadori's Nightjar,True,B,Fabian Ducry &amp; David Marques,2009-08-28,?,Indonesia,"Mount Kerinci, West Sumatra, Sumatra",-1.7342,,,0:36,https://creativecommons.org/licenses/by-nc-nd/2.5/,https://xeno-canto.org/90805,https://xeno-canto.org/90805/download,data/xeno_canto/Caprimulgus_pulchellus/B/XC90805 - Salvadori's Nightjar - Caprimulgus pulchellus.mp3,8103e8ee3eb7f8997c0b3b564aaf9c48c691b34f9b5cdb87e6100764497a3ef6,Ready_Existing
204324,Caprimulgus_pulchellus,Caprimulgus pulchellus,Salvadori's Nightjar,True,C,Mike Nelson,2014-09-30,05:00,Indonesia,"Gunung Gede National Park, Java",-6.7273,,,0:18,https://creativecommons.org/licenses/by-nc-sa/4.0/,https://xeno-canto.org/204324,https://xeno-canto.org/204324/download,data/xeno_canto/Caprimulgus_pulchellus/C/XC204324 - Salvadori's Nightjar - Caprimulgus pulchellus.mp3,cb73fe0e768fdbae2632df9c2ba312f29ee95a9142dcb65c195e42bf2b7411e0,Ready_Existing
296497,Caprimulgus_pulchellus,Caprimulgus pulchellus,Salvadori's Nightjar,True,C,Ashley Banwell,2015-12-07,05:30,Indonesia,"Lut Tawar (near  Takengon), Central Aceh, Aceh",4.6223,,,0:14,https://creativecommons.org/licenses/by-nc-sa/4.0/,https://xeno-canto.org/296497,https://xeno-canto.org/296497/download,data/xeno_canto/Caprimulgus_pulchellus/C/XC296497 - Salvadori's Nightjar - Caprimulgus pulchellus.mp3,a65e9c302a628a9d93b22168c60c875d7c94ec0217eb92bdd2214afff16ffe45,Ready_Existing
296507,Caprimulgus_pulchellus,Caprimulgus pulchellus,Salvadori's Nightjar,True,C,Ashley Banwell,2015-12-07,05:30,Indonesia,"Lut Tawar (near  Takengon), Central Aceh, Aceh",4.6223,,,0:16,https://creativecommons.org/licenses/by-nc-sa/4.0/,https://xeno-canto.org/296507,https://xeno-canto.org/296507/download,data/xeno_canto/Caprimulgus_pulchellus/C/XC296507 - Salvadori's Nightjar - Caprimulgus pulchellus.mp3,9625e3c468d27c2667f06da579c62962132359c27e5b23d67ea61d83bc2afa76,Ready_Existing
196213,Carpococcyx_viridis,Carpococcyx viridis,Sumatran Ground Cuckoo,True,A,yann muzika,2014-09-04,11:04,Indonesia,"Way Titias, Bukit Barisan Selatan NP, Lampung, Sumatra",-5.0685,,,1:07,https://creativecommons.org/licenses/by-nc-sa/4.0/,https://xeno-canto.org/196213,https://xeno-canto.org/196213/download,data/xeno_canto/Carpococcyx_viridis/A/XC196213 - Sumatran Ground Cuckoo - Carpococcyx viridis.mp3,0aafe336fa47f8f625b89c2daee5725c81a6754363627801a66a91379854e9db,Ready_Existing
196215,Carpococcyx_viridis,Carpococcyx viridis,Sumatran Ground Cuckoo,True,A,yann muzika,2014-09-03,11:18,Indonesia,"Way Titias, Bukit Barisan Selatan NP, Lampung, Sumatra",-5.0685,,,0:11,https://creativecommons.org/licenses/by-nc-sa/4.0/,https://xeno-canto.org/196215,https://xeno-canto.org/196215/download,data/xeno_canto/Carpococcyx_viridis/A/XC196215 - Sumatran Ground Cuckoo - Carpococcyx viridis.mp3,788f39bb4b0309747e45d6bb4cffad992f517980c3b6cf71f5d001fcdc9da7fb,Ready_Existing
301157,Carpococcyx_viridis,Carpococcyx viridis,Sumatran Ground Cuckoo,True,A,Gareth K.,2013-02-07,07:30,Indonesia,"Balik Bukit, Lampung Barat, Lampung",-5.0656,,,1:09,https://creativecommons.org/licenses/by-nc-sa/4.0/,https://xeno-canto.org/301157,https://xeno-canto.org/301157/download,data/xeno_canto/Carpococcyx_viridis/A/XC301157 - Sumatran Ground Cuckoo - Carpococcyx viridis.mp3,2dfb5b45970a0ced079c49da8187345493b5ace82a34bf4e033bd3cf4889eae4,Ready_Existing
306523,Carpococcyx_viridis,Carpococcyx viridis,Sumatran Ground Cuckoo,True,A,Stijn Cooleman,2014-07-18,11:19,Indonesia,"Way Titias, Bukit Barisan Selatan NP, Lampung, Sumatra",-5.0685,,,0:27,https://creativecommons.org/licenses/by-nc-sa/4.0/,https://xeno-canto.org/306523,https://xeno-canto.org/306523/download,data/xeno_canto/Carpococcyx_viridis/A/XC306523 - Sumatran Ground Cuckoo - Carpococcyx viridis.mp3,29ee0452132dba081110275efd8566cf03871327b91b33c4e210347402835e85,Ready_Existing
37883,Carpococcyx_viridis,Carpococcyx viridis,Sumatran Ground Cuckoo,True,A,Nick Brickle,2007-03-24,06:00,Indonesia,"Way Titias, Bukit Barisan Selatan NP, Lampung, Sumatra",-5.068545,,,1:13,https://creativecommons.org/licenses/by-nc-nd/2.5/,https://xeno-canto.org/37883,https://xeno-canto.org/37883/download,data/xeno_canto/Carpococcyx_viridis/A/XC37883 - Sumatran Ground Cuckoo - Carpococcyx viridis.mp3,3c5738e506775d01afb733b6e785161da3290cbbb1a2e07551ef8af38ccfbbd6,Ready_Existing
56936,Carpococcyx_viridis,Carpococcyx viridis,Sumatran Ground Cuckoo,True,A,Fabian Ducry &amp; David Marques,2009-09-05,?,Indonesia,"Way Titias, Bukit Barisan Selatan NP, Lampung, Sumatra",-5.0684,,,0:49,https://creativecommons.org/licenses/by-nc-nd/2.5/,https://xeno-canto.org/56936,https://xeno-canto.org/56936/download,data/xeno_canto/Carpococcyx_viridis/A/XC56936 - Sumatran Ground Cuckoo - Carpococcyx viridis.mp3,a7e73695194fe1fd1fff81dc96f212fb7d458c30dbafc43a58277c128cc39794,Ready_Existing
56937,Carpococcyx_viridis,Carpococcyx viridis,Sumatran Ground Cuckoo,True,A,Fabian Ducry &amp; David Marques,2009-09-05,?,Indonesia,"Way Titias, Bukit Barisan Selatan NP, Lampung, Sumatra",-5.0684,,,0:19,https://creativecommons.org/licenses/by-nc-nd/2.5/,https://xeno-canto.org/56937,https://xeno-canto.org/56937/download,data/xeno_canto/Carpococcyx_viridis/A/XC56937 - Sumatran Ground Cuckoo - Carpococcyx viridis.mp3,9be7e22283cfd30ff0254557d56d003118b3fc6962676df1add330f924acadd2,Ready_Existing
943912,Carpococcyx_viridis,Carpococcyx viridis,Sumatran Ground Cuckoo,True,A,Kim Chuah Lim,2024-10-19,08:40,Indonesia,"Kecamatan Gunung Raya, Kabupaten Kerinci, Jambi",-2.3268,,,0:10,https://creativecommons.org/licenses/by-nc-sa/4.0/,https://xeno-canto.org/943912,https://xeno-canto.org/943912/download,data/xeno_canto/Carpococcyx_viridis/A/XC943912 - Sumatran Ground Cuckoo - Carpococcyx viridis.mp3,d334d9c0d2457fe905704b3678f6a82e516b3e587ab4c81886ab8dc443fcdc43,Ready_Existing
943914,Carpococcyx_viridis,Carpococcyx viridis,Sumatran Ground Cuckoo,True,A,Kim Chuah Lim,2024-10-19,09:00,Indonesia,"Kecamatan Gunung Raya, Kabupaten Kerinci, Jambi",-2.3268,,,1:04,https://creativecommons.org/licenses/by-nc-sa/4.0/,https://xeno-canto.org/943914,https://xeno-canto.org/943914/download,data/xeno_canto/Carpococcyx_viridis/A/XC943914 - Sumatran Ground Cuckoo - Carpococcyx viridis (1).mp3,2dce2f2860a5ec8c4152280b982a41d571e2c1a3b8884748480d34ea46db6370,Ready_Existing
943914,Carpococcyx_viridis,Carpococcyx viridis,Sumatran Ground Cuckoo,True,A,Kim Chuah Lim,2024-10-19,09:00,Indonesia,"Kecamatan Gunung Raya, Kabupaten Kerinci, Jambi",-2.3268,,,1:04,https://creativecommons.org/licenses/by-nc-sa/4.0/,https://xeno-canto.org/943914,https://xeno-canto.org/943914/download,data/xeno_canto/Carpococcyx_viridis/A/XC943914 - Sumatran Ground Cuckoo - Carpococcyx viridis.mp3,2dce2f2860a5ec8c4152280b982a41d571e2c1a3b8884748480d34ea46db6370,Ready_Existing
943916,Carpococcyx_viridis,Carpococcyx viridis,Sumatran Ground Cuckoo,True,A,Kim Chuah Lim,2024-10-19,09:00,Indonesia,"Kecamatan Gunung Raya, Kabupaten Kerinci, Jambi",-2.3268,,,0:14,https://creativecommons.org/licenses/by-nc-sa/4.0/,https://xeno-canto.org/943916,https://xeno-canto.org/943916/download,data/xeno_canto/Carpococcyx_viridis/A/XC943916 - Sumatran Ground Cuckoo - Carpococcyx viridis.mp3,37bd361bedb00a4fa7c26df9174c604427ca02ba6b6318dfc0dd42e00382102e,Ready_Existing
943924,Carpococcyx_viridis,Carpococcyx viridis,Sumatran Ground Cuckoo,True,A,Kim Chuah Lim,2024-10-19,11:00,Indonesia,"Kecamatan Gunung Raya, Kabupaten Kerinci, Jambi",-2.3268,,,2:05,https://creativecommons.org/licenses/by-nc-sa/4.0/,https://xeno-canto.org/943924,https://xeno-canto.org/943924/download,data/xeno_canto/Carpococcyx_viridis/A/XC943924 - Sumatran Ground Cuckoo - Carpococcyx viridis.mp3,4fb4f31abcee23c56b057965d7996a4a03d06fb8ea3863e2a374c86bca2b8311,Ready_Existing
964067,Carpococcyx_viridis,Carpococcyx viridis,Sumatran Ground Cuckoo,True,A,Daan Drukker,2024-12-09,08:13,Indonesia,"Gunung Raya, Kerinci Regency, Jambi",-2.304,,,0:44,https://creativecommons.org/licenses/by-nc-sa/4.0/,https://xeno-canto.org/964067,https://xeno-canto.org/964067/download,data/xeno_canto/Carpococcyx_viridis/A/XC964067 - Sumatran Ground Cuckoo - Carpococcyx viridis.mp3,f985d24ec424317d63d654aba97a0e1de9ae2493386aa78d1339c9705560da62,Ready_Existing
37882,Carpococcyx_viridis,Carpococcyx viridis,Sumatran Ground Cuckoo,True,B,Nick Brickle,2007-03-24,06:00,Indonesia,"Way Titias, Bukit Barisan Selatan NP, Lampung, Sumatra",-5.068545,,,1:13,https://creativecommons.org/licenses/by-nc-nd/2.5/,https://xeno-canto.org/37882,https://xeno-canto.org/37882/download,data/xeno_canto/Carpococcyx_viridis/B/XC37882 - Sumatran Ground Cuckoo - Carpococcyx viridis.mp3,58126021e9af42751b70e01b82e0d846cbe8a8cfe2988bb354a23e3c51e681ef,Ready_Existing
38431,Carpococcyx_viridis,Carpococcyx viridis,Sumatran Ground Cuckoo,True,B,Duncan Wilson,2007-07-04,10:30,Indonesia,"Way Titias, Bukit Barisan Selatan NP, Lampung, Sumatra ",-5.068545,,,0:17,https://creativecommons.org/licenses/by-nc-nd/2.5/,https://xeno-canto.org/38431,https://xeno-canto.org/38431/download,data/xeno_canto/Carpococcyx_viridis/B/XC38431 - Sumatran Ground Cuckoo - Carpococcyx viridis.mp3,26fc7b58e3e7f6221577305eeacca2c35820941dd633540c52674117e87d21c1,Ready_Existing
38432,Carpococcyx_viridis,Carpococcyx viridis,Sumatran Ground Cuckoo,True,B,Duncan Wilson,2007-07-04,10:30,Indonesia,"Way Titias, Bukit Barisan Selatan NP, Lampung, Sumatra ",-5.068545,,,0:43,https://creativecommons.org/licenses/by-nc-nd/2.5/,https://xeno-canto.org/38432,https://xeno-canto.org/38432/download,data/xeno_canto/Carpococcyx_viridis/B/XC38432 - Sumatran Ground Cuckoo - Carpococcyx viridis.mp3,9a0c3b85a9c4f1ec0cc8fd22673fc901bb0bfa82cc32ca6c1fb0115ca6820d79,Ready_Existing
56938,Carpococcyx_viridis,Carpococcyx viridis,Sumatran Ground Cuckoo,True,B,Fabian Ducry &amp; David Marques,2009-09-05,?,Indonesia,"Way Titias, Bukit Barisan Selatan NP, Lampung, Sumatra",-5.0684,,,0:11,https://creativecommons.org/licenses/by-nc-nd/2.5/,https://xeno-canto.org/56938,https://xeno-canto.org/56938/download,data/xeno_canto/Carpococcyx_viridis/B/XC56938 - Sumatran Ground Cuckoo - Carpococcyx viridis.mp3,d7592dabee97404ad5000b32cd8ab02021057c559a99bd2d8eb289e5f7b4d741,Ready_Existing
85992,Carpococcyx_viridis,Carpococcyx viridis,Sumatran Ground Cuckoo,True,B,John Gregory,2008-04-04,11-00,Indonesia,"Way Titias, Bukit Barisan Selatan NP, Lampung, Sumatra",-5.0684,,,0:57,https://creativecommons.org/licenses/by-nc-nd/2.5/,https://xeno-canto.org/85992,https://xeno-canto.org/85992/download,data/xeno_canto/Carpococcyx_viridis/B/XC85992 - Sumatran Ground Cuckoo - Carpococcyx viridis (1).mp3,2f0188c99fd681fcf3b29be4213cfc117fc1258de2f05a327800f08c098509ef,Ready_Existing
85992,Carpococcyx_viridis,Carpococcyx viridis,Sumatran Ground Cuckoo,True,B,John Gregory,2008-04-04,11-00,Indonesia,"Way Titias, Bukit Barisan Selatan NP, Lampung, Sumatra",-5.0684,,,0:57,https://creativecommons.org/licenses/by-nc-nd/2.5/,https://xeno-canto.org/85992,https://xeno-canto.org/85992/download,data/xeno_canto/Carpococcyx_viridis/B/XC85992 - Sumatran Ground Cuckoo - Carpococcyx viridis.mp3,2f0188c99fd681fcf3b29be4213cfc117fc1258de2f05a327800f08c098509ef,Ready_Existing
196214,Carpococcyx_viridis,Carpococcyx viridis,Sumatran Ground Cuckoo,True,C,yann muzika,2014-09-04,09:37,Indonesia,"Way Titias, Bukit Barisan Selatan NP, Lampung, Sumatra",-5.0685,,,0:28,https://creativecommons.org/licenses/by-nc-sa/4.0/,https://xeno-canto.org/196214,https://xeno-canto.org/196214/download,data/xeno_canto/Carpococcyx_viridis/C/XC196214 - Sumatran Ground Cuckoo - Carpococcyx viridis.mp3,42b496d80c1ba94bb9a9c50842c4279d39d2ffbaaa299f01a264d475ac24a2b4,Ready_Existing
39501,Carpococcyx_viridis,Carpococcyx viridis,Sumatran Ground Cuckoo,True,D,Brian Cox,2009-07-01,08.00,Indonesia,"Way Titias, Bukit Barisan Selatan NP, Lampung, Sumatra ",-5.068545,,,0:02,https://creativecommons.org/licenses/by-nc-nd/2.5/,https://xeno-canto.org/39501,https://xeno-canto.org/39501/download,data/xeno_canto/Carpococcyx_viridis/D/XC39501 - Sumatran Ground Cuckoo - Carpococcyx viridis.mp3,13292d45597387f8903c19e236e020bd78ff032cb2836e8bc9b35ca98e1000ac,Ready_Existing
1082288,Erythropitta_venusta,Erythropitta venusta,Graceful Pitta,True,A,Kalvin Chan,2026-01-22,15:00,Indonesia,"Gunung Raya, Kerinci Regency, Jambi",-2.313,,,0:40,https://creativecommons.org/licenses/by-nc-sa/4.0/,https://xeno-canto.org/1082288,https://xeno-canto.org/1082288/download,data/xeno_canto/Erythropitta_venusta/A/XC1082288 - Graceful Pitta - Erythropitta venusta.mp3,c0ab9dab697174c3c5699e309230a6a0ddbd77f24cf3c49b2ea219088b9f1e4b,Ready_Existing
409391,Erythropitta_venusta,Erythropitta venusta,Graceful Pitta,True,A,Frank Lambert,2016-07-08,15:28,Indonesia,"Tapan Road, West Sumatra, Sumatra",-2.0498,,,0:47,https://creativecommons.org/licenses/by-nc-nd/4.0/,https://xeno-canto.org/409391,https://xeno-canto.org/409391/download,data/xeno_canto/Erythropitta_venusta/A/XC409391 - Graceful Pitta - Erythropitta venusta.mp3,299d166ef238161a3aca1b9ae3094e43fb82691e01ff071f0e37c15c3bdca662,Ready_Existing
409392,Erythropitta_venusta,Erythropitta venusta,Graceful Pitta,True,A,Frank Lambert,2016-07-08,15:44,Indonesia,"Tapan Road, West Sumatra, Sumatra",-2.0498,,,1:49,https://creativecommons.org/licenses/by-nc-nd/4.0/,https://xeno-canto.org/409392,https://xeno-canto.org/409392/download,data/xeno_canto/Erythropitta_venusta/A/XC409392 - Graceful Pitta - Erythropitta venusta.mp3,9ab01fa1a6f31a3156582a37445d70c69df6ddc765b568ce0aa53151572f339a,Ready_Existing
39503,Erythropitta_venusta,Erythropitta venusta,Graceful Pitta,True,B,Brian Cox,2009-07-05,10.00,Indonesia,"Danau Ranau, Bukit Barisan Selatan NP, Lampung, Sumatra",-4.9667,,,0:04,https://creativecommons.org/licenses/by-nc-nd/2.5/,https://xeno-canto.org/39503,https://xeno-canto.org/39503/download,data/xeno_canto/Erythropitta_venusta/B/XC39503 - Graceful Pitta - Erythropitta venusta.mp3,4156e8efd01033774fe4df74b42d2a1ea2c4992c5de5c0c5b7b38af7f7d9b670,Ready_Existing
39504,Erythropitta_venusta,Erythropitta venusta,Graceful Pitta,True,B,Brian Cox,2009-07-06,09.00,Indonesia,"Danau Ranau, Bukit Barisan Selatan NP, Lampung, Sumatra",-4.9667,,,0:17,https://creativecommons.org/licenses/by-nc-nd/2.5/,https://xeno-canto.org/39504,https://xeno-canto.org/39504/download,data/xeno_canto/Erythropitta_venusta/B/XC39504 - Graceful Pitta - Erythropitta venusta.mp3,f15a7183a72cf98830a434d92a305f508a23f77789bdf4454110d3bd29772724,Ready_Existing
691499,Erythropitta_venusta,Erythropitta venusta,Graceful Pitta,True,B,Mike Nelson,2016-08-26,09:30,Indonesia,"Tapan Road, West Sumatra, Sumatra",-2.0498,,,1:27,https://creativecommons.org/licenses/by-nc-sa/4.0/,https://xeno-canto.org/691499,https://xeno-canto.org/691499/download,data/xeno_canto/Erythropitta_venusta/B/XC691499 - Graceful Pitta - Erythropitta venusta.mp3,d06c8fd514f414b380bc1d539b37d6a03d785eb0b9c8540501676b4ae72c35a1,Ready_Existing
241696,Gypsophila_rufipectus,Gypsophila rufipectus,Rusty-breasted Wren-Babbler,True,A,Mike Nelson,2015-02-26,11:00,Indonesia,"Mount Kerinci, West Sumatra, Sumatra",-1.7342,,,0:54,https://creativecommons.org/licenses/by-nc-sa/4.0/,https://xeno-canto.org/241696,https://xeno-canto.org/241696/download,data/xeno_canto/Gypsophila_rufipectus/A/XC241696 - Rusty-breasted Wren-Babbler - Gypsophila rufipectus.mp3,4077afe36506cb153fdd72207d09bedbc500c0ac72d04663e2b2643a1729902d,Ready_Existing
241697,Gypsophila_rufipectus,Gypsophila rufipectus,Rusty-breasted Wren-Babbler,True,A,Mike Nelson,2015-02-27,10:00,Indonesia,"Mount Kerinci, West Sumatra, Sumatra",-1.7342,,,2:51,https://creativecommons.org/licenses/by-nc-sa/4.0/,https://xeno-canto.org/241697,https://xeno-canto.org/241697/download,data/xeno_canto/Gypsophila_rufipectus/A/XC241697 - Rusty-breasted Wren-Babbler - Gypsophila rufipectus.mp3,4112f62edd81fccf1fb6a578dc7f38b113b6b161bae15d84d7ab963c10cac6f5,Ready_Existing
396689,Gypsophila_rufipectus,Gypsophila rufipectus,Rusty-breasted Wren-Babbler,True,A,Sander Lagerveld,2017-04-21,17:40,Indonesia,"Kutapanjang, Kabupaten Gayo Lues, Aceh",3.9647,,,0:37,https://creativecommons.org/licenses/by-nc-sa/4.0/,https://xeno-canto.org/396689,https://xeno-canto.org/396689/download,data/xeno_canto/Gypsophila_rufipectus/A/XC396689 - Rusty-breasted Wren-Babbler - Gypsophila rufipectus.mp3,f24136b48f793ac9ae2c3ed4f6634dfecc5945b23fbf59b7016907444a897cc3,Ready_Existing
409566,Gypsophila_rufipectus,Gypsophila rufipectus,Rusty-breasted Wren-Babbler,True,A,Frank Lambert,2016-07-02,16:07,Indonesia,"Mount Kerinci, West Sumatra, Sumatra",-1.7342,,,1:26,https://creativecommons.org/licenses/by-nc-nd/4.0/,https://xeno-canto.org/409566,https://xeno-canto.org/409566/download,data/xeno_canto/Gypsophila_rufipectus/A/XC409566 - Rusty-breasted Wren-Babbler - Gypsophila rufipectus.mp3,b441afdb6530c58f31dd100c07478ddb489b211ca6ea201103e4b312301d5b03,Ready_Existing
476562,Gypsophila_rufipectus,Gypsophila rufipectus,Rusty-breasted Wren-Babbler,True,A,Matthew L. Brady,2018-03-30,06:45,Indonesia,"Talamau, Kabupaten Pasaman Barat, Sumatera Barat",0.0908,,,2:11,https://creativecommons.org/licenses/by-nc-sa/4.0/,https://xeno-canto.org/476562,https://xeno-canto.org/476562/download,data/xeno_canto/Gypsophila_rufipectus/A/XC476562 - Rusty-breasted Wren-Babbler - Gypsophila rufipectus.mp3,b02bf6c7dcbf1c28113386363badb68b4655903a1c0ebcb245d7a75261953fac,Ready_Existing
497648,Gypsophila_rufipectus,Gypsophila rufipectus,Rusty-breasted Wren-Babbler,True,A,Ding Li Yong,2019-09-15,10:30,Indonesia,"Sumatra, Kabupaten Dairi, Sumatera Utara",2.8099,,,1:12,https://creativecommons.org/licenses/by-nc-nd/4.0/,https://xeno-canto.org/497648,https://xeno-canto.org/497648/download,data/xeno_canto/Gypsophila_rufipectus/A/XC497648 - Rusty-breasted Wren-Babbler - Gypsophila rufipectus.mp3,ad935ed2bcce6331f9c25237558f43aaacc5a1f5ea59999dc1b44b18c8852514,Ready_Existing
497649,Gypsophila_rufipectus,Gypsophila rufipectus,Rusty-breasted Wren-Babbler,True,A,Ding Li Yong,2019-09-15,10:30,Indonesia,"Sumatra, Kabupaten Dairi, Sumatera Utara",2.8099,,,2:09,https://creativecommons.org/licenses/by-nc-nd/4.0/,https://xeno-canto.org/497649,https://xeno-canto.org/497649/download,data/xeno_canto/Gypsophila_rufipectus/A/XC497649 - Rusty-breasted Wren-Babbler - Gypsophila rufipectus.mp3,fbf199855628205d8a2d8108052bab20a7e7fb60cc7ff409a1b453486d4fed48,Ready_Existing
648648,Gypsophila_rufipectus,Gypsophila rufipectus,Rusty-breasted Wren-Babbler,True,A,Ding Li Yong,2019-09-15,09:00,Indonesia,"Silahi Sabungan, Kabupaten Dairi, Sumatera Utara",2.7848,,,0:36,https://creativecommons.org/licenses/by-nc-nd/4.0/,https://xeno-canto.org/648648,https://xeno-canto.org/648648/download,data/xeno_canto/Gypsophila_rufipectus/A/XC648648 - Rusty-breasted Wren-Babbler - Gypsophila rufipectus.mp3,f6b886277c7a815948e7a8d966feadf940b1a87461834fbb435a0e47fd2c8291,Ready_Existing
648651,Gypsophila_rufipectus,Gypsophila rufipectus,Rusty-breasted Wren-Babbler,True,A,Ding Li Yong,2019-09-15,10:00,Indonesia,"Silahi Sabungan, Kabupaten Dairi, Sumatera Utara",2.7848,,,0:39,https://creativecommons.org/licenses/by-nc-nd/4.0/,https://xeno-canto.org/648651,https://xeno-canto.org/648651/download,data/xeno_canto/Gypsophila_rufipectus/A/XC648651 - Rusty-breasted Wren-Babbler - Gypsophila rufipectus.mp3,b0719afc201937d34f16dc9296700c226907027c2cce35ff75fefce141a83b16,Ready_Existing
648652,Gypsophila_rufipectus,Gypsophila rufipectus,Rusty-breasted Wren-Babbler,True,A,Ding Li Yong,2019-09-15,10:00,Indonesia,"Silahi Sabungan, Kabupaten Dairi, Sumatera Utara",2.7848,,,0:21,https://creativecommons.org/licenses/by-nc-nd/4.0/,https://xeno-canto.org/648652,https://xeno-canto.org/648652/download,data/xeno_canto/Gypsophila_rufipectus/A/XC648652 - Rusty-breasted Wren-Babbler - Gypsophila rufipectus.mp3,c033bb0e9f4a0fc99839154434cda4d144a74f5130a717fdaa9db2708f711d89,Ready_Existing
691495,Gypsophila_rufipectus,Gypsophila rufipectus,Rusty-breasted Wren-Babbler,True,A,Mike Nelson,2016-08-23,10:00,Indonesia,"Mount Kerinci, West Sumatra, Sumatra",-1.7342,,,0:34,https://creativecommons.org/licenses/by-nc-sa/4.0/,https://xeno-canto.org/691495,https://xeno-canto.org/691495/download,data/xeno_canto/Gypsophila_rufipectus/A/XC691495 - Rusty-breasted Wren-Babbler - Gypsophila rufipectus.mp3,30c2a755661a3fd7c2f84f3e82d3e067830366435354067fcdeadbaffdc90bce,Ready_Existing
69431,Gypsophila_rufipectus,Gypsophila rufipectus,Rusty-breasted Wren-Babbler,True,A,Frank Lambert,2002-04-21,?:?,Indonesia,"Sumatra, Gunung Kerinci",-1.74,,,1:11,https://creativecommons.org/licenses/by-nc-nd/4.0/,https://xeno-canto.org/69431,https://xeno-canto.org/69431/download,data/xeno_canto/Gypsophila_rufipectus/A/XC69431 - Rusty-breasted Wren-Babbler - Gypsophila rufipectus.mp3,0e2cbdcf6d77a092ddb16485fb7254751cb4ae4f4418282f6074f5e83d73af36,Ready_Existing
963345,Gypsophila_rufipectus,Gypsophila rufipectus,Rusty-breasted Wren-Babbler,True,A,Daan Drukker,2024-12-06,07:30,Indonesia,"Kayu Aro, Kerinci Regency, Jambi",-1.7438,,,0:28,https://creativecommons.org/licenses/by-nc-sa/4.0/,https://xeno-canto.org/963345,https://xeno-canto.org/963345/download,data/xeno_canto/Gypsophila_rufipectus/A/XC963345 - Rusty-breasted Wren-Babbler - Gypsophila rufipectus.mp3,7af0db8c3cc407482730b553a4d0231346f184956e33c6f1d56531673464fda5,Ready_Existing
963352,Gypsophila_rufipectus,Gypsophila rufipectus,Rusty-breasted Wren-Babbler,True,A,Daan Drukker,2024-12-06,07:30,Indonesia,"Kayu Aro, Kerinci Regency, Jambi",-1.7438,,,0:48,https://creativecommons.org/licenses/by-nc-sa/4.0/,https://xeno-canto.org/963352,https://xeno-canto.org/963352/download,data/xeno_canto/Gypsophila_rufipectus/A/XC963352 - Rusty-breasted Wren-Babbler - Gypsophila rufipectus.mp3,2c8760e927209ab24c009c92a3cae82e506f867c98a2239e65285d80d5f26fc0,Ready_Existing
196211,Gypsophila_rufipectus,Gypsophila rufipectus,Rusty-breasted Wren-Babbler,True,B,Marc Thibault,2014-06-23,?,Indonesia,"Mount Kerinci, West Sumatra, Sumatra",-1.7342,,,0:49,https://creativecommons.org/licenses/by-nc-sa/4.0/,https://xeno-canto.org/196211,https://xeno-canto.org/196211/download,data/xeno_canto/Gypsophila_rufipectus/B/XC196211 - Rusty-breasted Wren-Babbler - Gypsophila rufipectus.mp3,01f53616b736eb73a2f370fe4e8a06c204ea0a24e5862112f57d882a3b5ece30,Ready_Existing
23118,Gypsophila_rufipectus,Gypsophila rufipectus,Rusty-breasted Wren-Babbler,True,B,George Wagner,2008-07-08,07:40,Indonesia,"Mount Kerinci, West Sumatra, Sumatra",-1.7342,,,0:38,https://creativecommons.org/licenses/by-nc-nd/2.5/,https://xeno-canto.org/23118,https://xeno-canto.org/23118/download,data/xeno_canto/Gypsophila_rufipectus/B/XC23118 - Rusty-breasted Wren-Babbler - Gypsophila rufipectus.mp3,3b8b257279a125d701a9a50f152c6146d022d3b7f9cb1a7d586a62d116d49bb4,Ready_Existing
241690,Gypsophila_rufipectus,Gypsophila rufipectus,Rusty-breasted Wren-Babbler,True,B,Mike Nelson,2015-02-23,10:00,Indonesia,"Mount Kerinci, West Sumatra, Sumatra",-1.7342,,,0:56,https://creativecommons.org/licenses/by-nc-sa/4.0/,https://xeno-canto.org/241690,https://xeno-canto.org/241690/download,data/xeno_canto/Gypsophila_rufipectus/B/XC241690 - Rusty-breasted Wren-Babbler - Gypsophila rufipectus.mp3,7d1f6a09f8a247b70b4fd6f610dd7da29f8e85742095f22776135aa7a632bc79,Ready_Existing
241691,Gypsophila_rufipectus,Gypsophila rufipectus,Rusty-breasted Wren-Babbler,True,B,Mike Nelson,2015-02-23,10:00,Indonesia,"Mount Kerinci, West Sumatra, Sumatra",-1.7342,,,0:37,https://creativecommons.org/licenses/by-nc-sa/4.0/,https://xeno-canto.org/241691,https://xeno-canto.org/241691/download,data/xeno_canto/Gypsophila_rufipectus/B/XC241691 - Rusty-breasted Wren-Babbler - Gypsophila rufipectus.mp3,0378e4f86916d80becc59585e859b75c41ff64a0197fcfe7d7cca61cdde764a7,Ready_Existing
241692,Gypsophila_rufipectus,Gypsophila rufipectus,Rusty-breasted Wren-Babbler,True,B,Mike Nelson,2015-02-23,10:00,Indonesia,"Mount Kerinci, West Sumatra, Sumatra",-1.7342,,,1:52,https://creativecommons.org/licenses/by-nc-sa/4.0/,https://xeno-canto.org/241692,https://xeno-canto.org/241692/download,data/xeno_canto/Gypsophila_rufipectus/B/XC241692 - Rusty-breasted Wren-Babbler - Gypsophila rufipectus.mp3,5a3887b4924f5a254b3f14fe8029d6c75d4824569f393ba8984257964720361d,Ready_Existing
241693,Gypsophila_rufipectus,Gypsophila rufipectus,Rusty-breasted Wren-Babbler,True,B,Mike Nelson,2015-02-24,11:00,Indonesia,"Mount Kerinci, West Sumatra, Sumatra",-1.7342,,,0:24,https://creativecommons.org/licenses/by-nc-sa/4.0/,https://xeno-canto.org/241693,https://xeno-canto.org/241693/download,data/xeno_canto/Gypsophila_rufipectus/B/XC241693 - Rusty-breasted Wren-Babbler - Gypsophila rufipectus.mp3,a34aa878d40d87d92d55017af9b1f6f31c58a7825c98d338413a55c9b8d16ca8,Ready_Existing
241694,Gypsophila_rufipectus,Gypsophila rufipectus,Rusty-breasted Wren-Babbler,True,B,Mike Nelson,2015-02-24,13:30,Indonesia,"Mount Kerinci, West Sumatra, Sumatra",-1.7342,,,0:26,https://creativecommons.org/licenses/by-nc-sa/4.0/,https://xeno-canto.org/241694,https://xeno-canto.org/241694/download,data/xeno_canto/Gypsophila_rufipectus/B/XC241694 - Rusty-breasted Wren-Babbler - Gypsophila rufipectus.mp3,00151235b08a01ede45a92758451fc526ef6b2b9383cbedb76863985764e9289,Ready_Existing
241695,Gypsophila_rufipectus,Gypsophila rufipectus,Rusty-breasted Wren-Babbler,True,B,Mike Nelson,2015-02-24,13:30,Indonesia,"Mount Kerinci, West Sumatra, Sumatra",-1.7342,,,2:53,https://creativecommons.org/licenses/by-nc-sa/4.0/,https://xeno-canto.org/241695,https://xeno-canto.org/241695/download,data/xeno_canto/Gypsophila_rufipectus/B/XC241695 - Rusty-breasted Wren-Babbler - Gypsophila rufipectus.mp3,44c9f5edd0b94edfd42260bc7c6cdbb0b61ff5c211985708995ba83103fd7734,Ready_Existing
393112,Gypsophila_rufipectus,Gypsophila rufipectus,Rusty-breasted Wren-Babbler,True,B,Irene Dy,2017-08-22,07:00,Indonesia,"Sumatra, Gunung Kerinci",-1.74,,,0:12,https://creativecommons.org/licenses/by-nc-sa/4.0/,https://xeno-canto.org/393112,https://xeno-canto.org/393112/download,data/xeno_canto/Gypsophila_rufipectus/B/XC393112 - Rusty-breasted Wren-Babbler - Gypsophila rufipectus.mp3,3a612354fb083b975e3d105c3ae5082460972126650814d22845566af940300a,Ready_Existing
39507,Gypsophila_rufipectus,Gypsophila rufipectus,Rusty-breasted Wren-Babbler,True,B,Brian Cox,2009-07-05,11.00,Indonesia,"Danau Ranau, Bukit Barisan Selatan NP, Lampung, Sumatra",-4.9667,,,0:09,https://creativecommons.org/licenses/by-nc-nd/2.5/,https://xeno-canto.org/39507,https://xeno-canto.org/39507/download,data/xeno_canto/Gypsophila_rufipectus/B/XC39507 - Rusty-breasted Wren-Babbler - Gypsophila rufipectus.mp3,3207fa00424cfdbaf4e76a608c87cc1714e6d250ea0dd28ffb2812e821f54e77,Ready_Existing
396596,Gypsophila_rufipectus,Gypsophila rufipectus,Rusty-breasted Wren-Babbler,True,B,Sander Lagerveld,2017-04-21,10:53,Indonesia,"Kutapanjang, Kabupaten Gayo Lues, Aceh",3.9647,,,0:22,https://creativecommons.org/licenses/by-nc-sa/4.0/,https://xeno-canto.org/396596,https://xeno-canto.org/396596/download,data/xeno_canto/Gypsophila_rufipectus/B/XC396596 - Rusty-breasted Wren-Babbler - Gypsophila rufipectus.mp3,35d1e6484b4afb311760277b89a5a17b3d337fae98dc730ea332616dc30b99e4,Ready_Existing
396597,Gypsophila_rufipectus,Gypsophila rufipectus,Rusty-breasted Wren-Babbler,True,B,Sander Lagerveld,2017-04-21,10:53,Indonesia,"Kutapanjang, Kabupaten Gayo Lues, Aceh",3.9647,,,0:41,https://creativecommons.org/licenses/by-nc-sa/4.0/,https://xeno-canto.org/396597,https://xeno-canto.org/396597/download,data/xeno_canto/Gypsophila_rufipectus/B/XC396597 - Rusty-breasted Wren-Babbler - Gypsophila rufipectus.mp3,c5e5a6ff7197770ffa4f50758d56737fc4f2c323e059b438f298a990f82bc4e6,Ready_Existing
70301,Gypsophila_rufipectus,Gypsophila rufipectus,Rusty-breasted Wren-Babbler,True,B,David Gibbs,1990-00-00,?,Indonesia,"Sumatra, Gunung Kerinci",-1.7401,,,1:02,https://creativecommons.org/licenses/by-nc-nd/2.5/,https://xeno-canto.org/70301,https://xeno-canto.org/70301/download,data/xeno_canto/Gypsophila_rufipectus/B/XC70301 - Rusty-breasted Wren-Babbler - Gypsophila rufipectus.mp3,74150634d4edb8478fcbbc93342e1e0e4356218bb3d650673d927332e3ec3397,Ready_Existing
79433,Gypsophila_rufipectus,Gypsophila rufipectus,Rusty-breasted Wren-Babbler,True,B,Desmond Allen,1994-08-22,?:?,Indonesia,"Mount Kerinci, Kerinci Seblat National Park, Sumatra",,,,0:47,https://creativecommons.org/licenses/by-nc-nd/2.5/,https://xeno-canto.org/79433,https://xeno-canto.org/79433/download,data/xeno_canto/Gypsophila_rufipectus/B/XC79433 - Rusty-breasted Wren-Babbler - Gypsophila rufipectus.mp3,072ebda698ea86e71793d9b6721493ad24f0d81d6c187a40f503fad286aa82a1,Ready_Existing
39510,Hydrornis_schneideri,Hydrornis schneideri,Schneider's Pitta,True,A,Brian Cox,2009-07-06,09.00,Indonesia,"Danau Ranau, Bukit Barisan Selatan NP, Lampung, Sumatra",-4.9667,,,0:15,https://creativecommons.org/licenses/by-nc-nd/2.5/,https://xeno-canto.org/39510,https://xeno-canto.org/39510/download,data/xeno_canto/Hydrornis_schneideri/A/XC39510 - Schneider's Pitta - Hydrornis schneideri.mp3,6283db3da0281b0a386f11be6221c6830fff720a04d68a7491cebff97769523a,Ready_Existing
374028,Hydrornis_schneideri,Hydrornis schneideri,Schneider's Pitta,True,B,Kim Chuah Lim,2017-05-23,12:00,Indonesia,"Sumatra, Gunung Kerinci",-1.74,,,1:15,https://creativecommons.org/licenses/by-nc-sa/4.0/,https://xeno-canto.org/374028,https://xeno-canto.org/374028/download,data/xeno_canto/Hydrornis_schneideri/B/XC374028 - Schneider's Pitta - Hydrornis schneideri.mp3,45962764380e09fb64129411ad5fff5b5f3cad92806aac5d4c46fa23cc994e70,Ready_Existing
90893,Hydrornis_schneideri,Hydrornis schneideri,Schneider's Pitta,True,B,Fabian Ducry &amp; David Marques,2009-09-01,?,Indonesia,"Mount Kerinci, West Sumatra, Sumatra ",-1.7342,,,0:29,https://creativecommons.org/licenses/by-nc-nd/2.5/,https://xeno-canto.org/90893,https://xeno-canto.org/90893/download,data/xeno_canto/Hydrornis_schneideri/B/XC90893 - Schneider's Pitta - Hydrornis schneideri.mp3,528ba9fff547234e499b3a74c8f3f22de91dcba371104c43cf15e3640dfb412d,Ready_Existing
241699,Hydrornis_schneideri,Hydrornis schneideri,Schneider's Pitta,True,C,Mike Nelson,2015-02-23,06:00,Indonesia,"Mount Kerinci, West Sumatra, Sumatra",-1.7342,,,1:05,https://creativecommons.org/licenses/by-nc-sa/4.0/,https://xeno-canto.org/241699,https://xeno-canto.org/241699/download,data/xeno_canto/Hydrornis_schneideri/C/XC241699 - Schneider's Pitta - Hydrornis schneideri.mp3,b354d6802cc0c476eb50163d645ed063feddc0d1802dbc4f69a751261020e4be,Ready_Existing
241701,Hydrornis_schneideri,Hydrornis schneideri,Schneider's Pitta,True,E,Mike Nelson,2015-02-23,06:30,Indonesia,"Mount Kerinci, West Sumatra, Sumatra",-1.7342,,,0:11,https://creativecommons.org/licenses/by-nc-sa/4.0/,https://xeno-canto.org/241701,https://xeno-canto.org/241701/download,data/xeno_canto/Hydrornis_schneideri/E/XC241701 - Schneider's Pitta - Hydrornis schneideri.mp3,e2ea16766b861c882200db4477832a248db1575f10f47601fcd91d4ee32440eb,Ready_Existing
391060,Hydrornis_schneideri,Hydrornis schneideri,Schneider's Pitta,True,E,Irene Dy,2017-08-24,06:30,Indonesia,"Sumatra, Gunung Kerinci",-1.74,,,0:11,https://creativecommons.org/licenses/by-nc-sa/4.0/,https://xeno-canto.org/391060,https://xeno-canto.org/391060/download,data/xeno_canto/Hydrornis_schneideri/E/XC391060 - Schneider's Pitta - Hydrornis schneideri.mp3,2f06ba9a3014ac8e7cf2c8c95cb6bba16d8743e3da888df6b76dc2ce2b3dea0b,Ready_Existing
648641,Ixos_sumatranus,Ixos sumatranus,Sumatran Bulbul,True,A,Ding Li Yong,2019-09-14,11:00,Indonesia,"Sumatra, Kabupaten Dairi, Sumatera Utara",2.7917,,,0:34,https://creativecommons.org/licenses/by-nc-nd/4.0/,https://xeno-canto.org/648641,https://xeno-canto.org/648641/download,data/xeno_canto/Ixos_sumatranus/A/XC648641 - Sumatran Bulbul - Ixos sumatranus.mp3,1616815028e3cc79fb75cfed68f9d25ca1542aa6868d0f0c2728a5fe230a8209,Ready_Existing
431602,Ixos_sumatranus,Ixos sumatranus,Sumatran Bulbul,True,B,Brian Cox,2018-07-11,08:30,Indonesia,"Beutong, Kabupaten Nagan Raya, Aceh",4.3043,,,0:42,https://creativecommons.org/licenses/by-nc-sa/4.0/,https://xeno-canto.org/431602,https://xeno-canto.org/431602/download,data/xeno_canto/Ixos_sumatranus/B/XC431602 - Sumatran Bulbul - Ixos sumatranus.mp3,da498ab9a27b0934cce7ae3b95e860c9a73d82c90806a77a9c3fd83989d89778,Ready_Existing
90811,Ixos_sumatranus,Ixos sumatranus,Sumatran Bulbul,True,C,Fabian Ducry &amp; David Marques,2009-08-30,?,Indonesia,"Tapan Road, West Sumatra, Sumatra",-2.0498,,,0:49,https://creativecommons.org/licenses/by-nc-nd/2.5/,https://xeno-canto.org/90811,https://xeno-canto.org/90811/download,data/xeno_canto/Ixos_sumatranus/C/XC90811 - Sumatran Bulbul - Ixos sumatranus.mp3,696bf5ce7973e40b9464c52cdc2ce28fba47c3d58fa903ac5eda98272b9a321d,Ready_Existing
431750,Lophura_inornata,Lophura inornata,Salvadori's Pheasant,True,D,Brian Cox,2018-07-05,09:30,Indonesia,"Sumatra, Gunung Kerinci",-1.74,,,2:00,https://creativecommons.org/licenses/by-nc-sa/4.0/,https://xeno-canto.org/431750,https://xeno-canto.org/431750/download,data/xeno_canto/Lophura_inornata/D/XC431750 - Salvadori's Pheasant - Lophura inornata inornata.mp3,5810560bf51aeedc76cde17476c42bfea6a2736da3e07d1799694afbeb86e1a3,Ready_Existing
431519,Lophura_inornata,Lophura inornata,Salvadori's Pheasant,True,E,Brian Cox,2018-07-05,09:30,Indonesia,"Sumatra, Gunung Kerinci",-1.74,,,1:53,https://creativecommons.org/licenses/by-nc-sa/4.0/,https://xeno-canto.org/431519,https://xeno-canto.org/431519/download,data/xeno_canto/Lophura_inornata/E/XC431519 - Salvadori's Pheasant - Lophura inornata inornata.mp3,785c8b208951d30b06c5dcc9f1bd01ba340db807933f1728703e995967d2f6b9,Ready_Existing
409557,Myophonus_melanurus,Myophonus melanurus,Shiny Whistling Thrush,True,A,Frank Lambert,2016-07-04,10:00,Indonesia,"Mount Kerinci, West Sumatra, Sumatra",-1.7342,,,0:27,https://creativecommons.org/licenses/by-nc-nd/4.0/,https://xeno-canto.org/409557,https://xeno-canto.org/409557/download,data/xeno_canto/Myophonus_melanurus/A/XC409557 - Shiny Whistling Thrush - Myophonus melanurus.mp3,96c5ee4301810f4cb384d1574494de5eaaa9b793f528534ad1c7aa2b59c7292d,Ready_Existing
431615,Myophonus_melanurus,Myophonus melanurus,Shiny Whistling Thrush,True,A,Brian Cox,2018-07-11,17:00,Indonesia,"Beutong, Kabupaten Nagan Raya, Aceh",4.3043,,,0:18,https://creativecommons.org/licenses/by-nc-sa/4.0/,https://xeno-canto.org/431615,https://xeno-canto.org/431615/download,data/xeno_canto/Myophonus_melanurus/A/XC431615 - Shiny Whistling Thrush - Myophonus melanurus.mp3,3cbbc85d08f3ed33fb33966cfe1eae1f5fd8195b7cc9d894c06ed12aee55ea0f,Ready_Existing
431616,Myophonus_melanurus,Myophonus melanurus,Shiny Whistling Thrush,True,A,Brian Cox,2018-07-11,17:00,Indonesia,"Beutong, Kabupaten Nagan Raya, Aceh",4.3043,,,0:03,https://creativecommons.org/licenses/by-nc-sa/4.0/,https://xeno-canto.org/431616,https://xeno-canto.org/431616/download,data/xeno_canto/Myophonus_melanurus/A/XC431616 - Shiny Whistling Thrush - Myophonus melanurus.mp3,e19966cb06ec577b2da1a2cd049a423a50df70e7eb4f42d001d92554a35644a4,Ready_Existing
431618,Myophonus_melanurus,Myophonus melanurus,Shiny Whistling Thrush,True,A,Brian Cox,2018-07-12,15:30,Indonesia,"Beutong, Kabupaten Nagan Raya, Aceh",4.3043,,,0:03,https://creativecommons.org/licenses/by-nc-sa/4.0/,https://xeno-canto.org/431618,https://xeno-canto.org/431618/download,data/xeno_canto/Myophonus_melanurus/A/XC431618 - Shiny Whistling Thrush - Myophonus melanurus.mp3,f6c733dffde826fbf2c5011fcb330a833d978b5e664e10e0499c6bdfcb892083,Ready_Existing
648643,Myophonus_melanurus,Myophonus melanurus,Shiny Whistling Thrush,True,A,Ding Li Yong,2019-09-14,10:00,Indonesia,"Silahi Sabungan, Kabupaten Dairi, Sumatera Utara",2.7848,,,0:23,https://creativecommons.org/licenses/by-nc-nd/4.0/,https://xeno-canto.org/648643,https://xeno-canto.org/648643/download,data/xeno_canto/Myophonus_melanurus/A/XC648643 - Shiny Whistling Thrush - Myophonus melanurus.mp3,b23240b5dd431ae2830e2a772de82cbbddf3e32540a0ebc30e9f3e9b05d8b709,Ready_Existing
90890,Myophonus_melanurus,Myophonus melanurus,Shiny Whistling Thrush,True,A,Fabian Ducry &amp; David Marques,2009-09-01,?,Indonesia,"Mount Kerinci, West Sumatra, Sumatra ",-1.7342,,,0:21,https://creativecommons.org/licenses/by-nc-nd/2.5/,https://xeno-canto.org/90890,https://xeno-canto.org/90890/download,data/xeno_canto/Myophonus_melanurus/A/XC90890 - Shiny Whistling Thrush - Myophonus melanurus.mp3,4335cc286340e57aecf50c2bf432fe6b339c65ce609ffd8ee648de8220ad6f44,Ready_Existing
241702,Myophonus_melanurus,Myophonus melanurus,Shiny Whistling Thrush,True,B,Mike Nelson,2015-02-23,08:30,Indonesia,"Mount Kerinci, West Sumatra, Sumatra",-1.7342,,,0:04,https://creativecommons.org/licenses/by-nc-sa/4.0/,https://xeno-canto.org/241702,https://xeno-canto.org/241702/download,data/xeno_canto/Myophonus_melanurus/B/XC241702 - Shiny Whistling Thrush - Myophonus melanurus.mp3,b05f652c54fc1547560b3970cb687ecf54f54979f45ef8ebab750861c81993d7,Ready_Existing
241703,Myophonus_melanurus,Myophonus melanurus,Shiny Whistling Thrush,True,B,Mike Nelson,2015-02-23,08:30,Indonesia,"Mount Kerinci, West Sumatra, Sumatra",-1.7342,,,0:39,https://creativecommons.org/licenses/by-nc-sa/4.0/,https://xeno-canto.org/241703,https://xeno-canto.org/241703/download,data/xeno_canto/Myophonus_melanurus/B/XC241703 - Shiny Whistling Thrush - Myophonus melanurus.mp3,3c4448bc8730d36bff77f8f05a4c325a6b1d2d1a69836d17228a6be90be68e78,Ready_Existing
241704,Myophonus_melanurus,Myophonus melanurus,Shiny Whistling Thrush,True,B,Mike Nelson,2015-02-24,08:30,Indonesia,"Mount Kerinci, West Sumatra, Sumatra",-1.7342,,,0:28,https://creativecommons.org/licenses/by-nc-sa/4.0/,https://xeno-canto.org/241704,https://xeno-canto.org/241704/download,data/xeno_canto/Myophonus_melanurus/B/XC241704 - Shiny Whistling Thrush - Myophonus melanurus.mp3,25f88832d68a020adbf1b4f4625e7e08db1417802ce719c54a102843032c235e,Ready_Existing
241705,Myophonus_melanurus,Myophonus melanurus,Shiny Whistling Thrush,True,B,Mike Nelson,2015-02-25,16:00,Indonesia,"Mount Kerinci, West Sumatra, Sumatra",-1.7342,,,0:18,https://creativecommons.org/licenses/by-nc-sa/4.0/,https://xeno-canto.org/241705,https://xeno-canto.org/241705/download,data/xeno_canto/Myophonus_melanurus/B/XC241705 - Shiny Whistling Thrush - Myophonus melanurus.mp3,b92696a1ae2c4ee4dd8935a88c6b1348996a30b18364f0cbe412822873fa14cb,Ready_Existing
241706,Myophonus_melanurus,Myophonus melanurus,Shiny Whistling Thrush,True,B,Mike Nelson,2015-02-26,15:30,Indonesia,"Mount Kerinci, West Sumatra, Sumatra",-1.7342,,,0:14,https://creativecommons.org/licenses/by-nc-sa/4.0/,https://xeno-canto.org/241706,https://xeno-canto.org/241706/download,data/xeno_canto/Myophonus_melanurus/B/XC241706 - Shiny Whistling Thrush - Myophonus melanurus.mp3,568858609df89fc731304a58915330d1cb8b22676c29e078f856b810db0bce0b,Ready_Existing
409555,Myophonus_melanurus,Myophonus melanurus,Shiny Whistling Thrush,True,B,Frank Lambert,2016-07-04,17:04,Indonesia,"Mount Kerinci, West Sumatra, Sumatra",-1.7342,,,0:19,https://creativecommons.org/licenses/by-nc-nd/4.0/,https://xeno-canto.org/409555,https://xeno-canto.org/409555/download,data/xeno_canto/Myophonus_melanurus/B/XC409555 - Shiny Whistling Thrush - Myophonus melanurus.mp3,f4d5d4304c7f08a37d422267daaaba8eaa08f3132289a3552acc0128c7ba18e0,Ready_Existing
431617,Myophonus_melanurus,Myophonus melanurus,Shiny Whistling Thrush,True,B,Brian Cox,2018-07-11,17:00,Indonesia,"Beutong, Kabupaten Nagan Raya, Aceh",4.3043,,,0:27,https://creativecommons.org/licenses/by-nc-sa/4.0/,https://xeno-canto.org/431617,https://xeno-canto.org/431617/download,data/xeno_canto/Myophonus_melanurus/B/XC431617 - Shiny Whistling Thrush - Myophonus melanurus.mp3,683cc9ca666f240fbf6f819e051e12dfe5ba93f82e2a7eeb0ee73bb05e3888f5,Ready_Existing
681410,Myophonus_melanurus,Myophonus melanurus,Shiny Whistling Thrush,True,B,Mike Nelson,2016-04-19,15:00,Indonesia,"Mount Kerinci, West Sumatra, Sumatra",-1.7342,,,0:51,https://creativecommons.org/licenses/by-nc-sa/4.0/,https://xeno-canto.org/681410,https://xeno-canto.org/681410/download,data/xeno_canto/Myophonus_melanurus/B/XC681410 - Shiny Whistling Thrush - Myophonus melanurus.mp3,a4fa8a04db8bfb73edad09310502bb8587cbaa0f9f933d96d3ed638cefd33728,Ready_Existing
81137,Myophonus_melanurus,Myophonus melanurus,Shiny Whistling Thrush,True,C,Desmond Allen,1994-08-22,?:?,Indonesia,"Mount Kerinci, West Sumatra, Sumatra",-1.7342,,,0:23,https://creativecommons.org/licenses/by-nc-nd/2.5/,https://xeno-canto.org/81137,https://xeno-canto.org/81137/download,data/xeno_canto/Myophonus_melanurus/C/XC81137 - Shiny Whistling Thrush - Myophonus melanurus.mp3,e1f9cbc0decbfaaa53fac6ab5d3be71f4df67ba77cacd8a71594ed7944442646,Ready_Existing
196221,Napothera_albostriata,Napothera albostriata,Sumatran Wren-Babbler,True,A,yann muzika,2014-09-07,09:04,Indonesia,"Danau Ranau, West Lampung, Lampung, Sumatra",-4.9393,,,0:15,https://creativecommons.org/licenses/by-nc-sa/4.0/,https://xeno-canto.org/196221,https://xeno-canto.org/196221/download,data/xeno_canto/Napothera_albostriata/A/XC196221 - Sumatran Wren-Babbler - Napothera albostriata.mp3,a37c1354ffc53d7f3fcd243b3ad6dc5e4473bdc5d22f1cba2034c042b4008ae8,Ready_Existing
241730,Napothera_albostriata,Napothera albostriata,Sumatran Wren-Babbler,True,A,Mike Nelson,2015-02-27,13:00,Indonesia,"Mount Kerinci, West Sumatra, Sumatra",-1.7342,,,2:31,https://creativecommons.org/licenses/by-nc-sa/4.0/,https://xeno-canto.org/241730,https://xeno-canto.org/241730/download,data/xeno_canto/Napothera_albostriata/A/XC241730 - Sumatran Wren-Babbler - Napothera albostriata.mp3,9ef13d0f1ea0fd58e14bee605819a498d52e6b1a3a54f795a643d9a491733523,Ready_Existing
409580,Napothera_albostriata,Napothera albostriata,Sumatran Wren-Babbler,True,A,Frank Lambert,2016-07-03,07:26,Indonesia,"Mount Kerinci, West Sumatra, Sumatra",-1.7342,,,0:25,https://creativecommons.org/licenses/by-nc-nd/4.0/,https://xeno-canto.org/409580,https://xeno-canto.org/409580/download,data/xeno_canto/Napothera_albostriata/A/XC409580 - Sumatran Wren-Babbler - Napothera albostriata.mp3,6f86ab15c8461883ec7c0c958d57c5f52fb74a678e06ab0cb27e32af77521859,Ready_Existing
409582,Napothera_albostriata,Napothera albostriata,Sumatran Wren-Babbler,True,A,Frank Lambert,2016-07-03,07:29,Indonesia,"Mount Kerinci, West Sumatra, Sumatra",-1.7342,,,0:37,https://creativecommons.org/licenses/by-nc-nd/4.0/,https://xeno-canto.org/409582,https://xeno-canto.org/409582/download,data/xeno_canto/Napothera_albostriata/A/XC409582 - Sumatran Wren-Babbler - Napothera albostriata.mp3,b176c249e67c6cb2b98bc1bda7c1449555848a0475490021199e2c7c5f2ed613,Ready_Existing
431530,Napothera_albostriata,Napothera albostriata,Sumatran Wren-Babbler,True,A,Brian Cox,2018-07-06,10:00,Indonesia,"Sumatra, Gunung Kerinci",-1.74,,,0:13,https://creativecommons.org/licenses/by-nc-sa/4.0/,https://xeno-canto.org/431530,https://xeno-canto.org/431530/download,data/xeno_canto/Napothera_albostriata/A/XC431530 - Sumatran Wren-Babbler - Napothera albostriata.mp3,fd3b4937c6cd233f8eb6d0cc334a75e137ddff8353f4f10180cddb163a96aeaa,Ready_Existing
431533,Napothera_albostriata,Napothera albostriata,Sumatran Wren-Babbler,True,A,Brian Cox,2018-07-06,10:00,Indonesia,"Sumatra, Gunung Kerinci",-1.74,,,0:22,https://creativecommons.org/licenses/by-nc-sa/4.0/,https://xeno-canto.org/431533,https://xeno-canto.org/431533/download,data/xeno_canto/Napothera_albostriata/A/XC431533 - Sumatran Wren-Babbler - Napothera albostriata.mp3,441a1e93ea479aa3d4e93339c16b3d544a7c1cd291506e141c4e6ae742c384fd,Ready_Existing
431534,Napothera_albostriata,Napothera albostriata,Sumatran Wren-Babbler,True,A,Brian Cox,2018-07-06,10:00,Indonesia,"Sumatra, Gunung Kerinci",-1.74,,,0:21,https://creativecommons.org/licenses/by-nc-sa/4.0/,https://xeno-canto.org/431534,https://xeno-canto.org/431534/download,data/xeno_canto/Napothera_albostriata/A/XC431534 - Sumatran Wren-Babbler - Napothera albostriata.mp3,1c81261e68c001e4233be53d54d1a439eb78b612aca3d1744cb75a0a80e75098,Ready_Existing
431536,Napothera_albostriata,Napothera albostriata,Sumatran Wren-Babbler,True,A,Brian Cox,2018-07-06,10:00,Indonesia,"Sumatra, Gunung Kerinci",-1.74,,,0:34,https://creativecommons.org/licenses/by-nc-sa/4.0/,https://xeno-canto.org/431536,https://xeno-canto.org/431536/download,data/xeno_canto/Napothera_albostriata/A/XC431536 - Sumatran Wren-Babbler - Napothera albostriata.mp3,d7db6d329d0a1eb3f7aed4071a8b4df625028cdc70d3942fd32d7c8e967bf942,Ready_Existing
576884,Napothera_albostriata,Napothera albostriata,Sumatran Wren-Babbler,True,A,Garry Bakker,2015-08-21,11:01,Indonesia,"Kayu Aro, Kerinci, Jambi",-1.741,,,0:32,https://creativecommons.org/licenses/by-nc-sa/4.0/,https://xeno-canto.org/576884,https://xeno-canto.org/576884/download,data/xeno_canto/Napothera_albostriata/A/XC576884 - Sumatran Wren-Babbler - Napothera albostriata.mp3,c49e681b4d859a3b8c6850e39877dd3bd3e1e7b0c57748fc21910b36197ae3a4,Ready_Existing
963458,Napothera_albostriata,Napothera albostriata,Sumatran Wren-Babbler,True,A,Daan Drukker,2024-12-07,14:02,Indonesia,"Pos 2 Batu Lumut, Kerinci Regency, Jambi",-1.7326,,,0:12,https://creativecommons.org/licenses/by-nc-sa/4.0/,https://xeno-canto.org/963458,https://xeno-canto.org/963458/download,data/xeno_canto/Napothera_albostriata/A/XC963458 - Sumatran Wren-Babbler - Napothera albostriata.mp3,f56e4debe747dcac4b2a59945d0493e0b915a835f238735754ca90e12acf0818,Ready_Existing
195583,Napothera_albostriata,Napothera albostriata,Sumatran Wren-Babbler,True,B,Marc Thibault,2014-06-18,?,Indonesia,"Mount Kerinci, West Sumatra, Sumatra",-1.7342,,,0:27,https://creativecommons.org/licenses/by-nc-sa/4.0/,https://xeno-canto.org/195583,https://xeno-canto.org/195583/download,data/xeno_canto/Napothera_albostriata/B/XC195583 - Sumatran Wren-Babbler - Napothera albostriata.mp3,64f951b323776ceee06112c9bba555d09116e34ecc0537aea71608c8cac5d2b4,Ready_Existing
195585,Napothera_albostriata,Napothera albostriata,Sumatran Wren-Babbler,True,B,Marc Thibault,2014-06-18,?,Indonesia,"Mount Kerinci, West Sumatra, Sumatra",-1.7342,,,0:48,https://creativecommons.org/licenses/by-nc-sa/4.0/,https://xeno-canto.org/195585,https://xeno-canto.org/195585/download,data/xeno_canto/Napothera_albostriata/B/XC195585 - Sumatran Wren-Babbler - Napothera albostriata.mp3,8370f47c5ca9b3461cee23db04b9e85894d0c1b54a1df7dffc18620118eea16b,Ready_Existing
195587,Napothera_albostriata,Napothera albostriata,Sumatran Wren-Babbler,True,B,Marc Thibault,2014-06-18,?,Indonesia,"Mount Kerinci, West Sumatra, Sumatra",-1.7342,,,1:06,https://creativecommons.org/licenses/by-nc-sa/4.0/,https://xeno-canto.org/195587,https://xeno-canto.org/195587/download,data/xeno_canto/Napothera_albostriata/B/XC195587 - Sumatran Wren-Babbler - Napothera albostriata.mp3,1540cfe095cfa49f8190121ef75f77a724210842ff5534533f81da7826aa82bf,Ready_Existing
241728,Napothera_albostriata,Napothera albostriata,Sumatran Wren-Babbler,True,B,Mike Nelson,2015-02-24,07:00,Indonesia,"Mount Kerinci, West Sumatra, Sumatra",-1.7342,,,0:22,https://creativecommons.org/licenses/by-nc-sa/4.0/,https://xeno-canto.org/241728,https://xeno-canto.org/241728/download,data/xeno_canto/Napothera_albostriata/B/XC241728 - Sumatran Wren-Babbler - Napothera albostriata.mp3,10e2ef03dc7796fcacb877a152b9dfd62604fb6d984129246b224fd83eb761f9,Ready_Existing
241729,Napothera_albostriata,Napothera albostriata,Sumatran Wren-Babbler,True,B,Mike Nelson,2015-02-27,13:00,Indonesia,"Mount Kerinci, West Sumatra, Sumatra",-1.7342,,,2:12,https://creativecommons.org/licenses/by-nc-sa/4.0/,https://xeno-canto.org/241729,https://xeno-canto.org/241729/download,data/xeno_canto/Napothera_albostriata/B/XC241729 - Sumatran Wren-Babbler - Napothera albostriata.mp3,fe1f2d5638a8376a89d90dfd2f78d03edd8181ce7058d707a10eb88fd3019085,Ready_Existing
301154,Napothera_albostriata,Napothera albostriata,Sumatran Wren-Babbler,True,B,Gareth K.,2013-02-12,12:00,Indonesia,"Lombok Seminung, Lampung Barat, Lampung",-4.9442,,,1:00,https://creativecommons.org/licenses/by-nc-sa/4.0/,https://xeno-canto.org/301154,https://xeno-canto.org/301154/download,data/xeno_canto/Napothera_albostriata/B/XC301154 - Sumatran Wren-Babbler - Napothera albostriata.mp3,c097a0b3ced991155fb2d8e3689a3f2cfffc223955514b8547200b81819541d2,Ready_Existing
648646,Napothera_albostriata,Napothera albostriata,Sumatran Wren-Babbler,True,B,Ding Li Yong,2019-09-15,10:30,Indonesia,"Silahi Sabungan, Kabupaten Dairi, Sumatera Utara",2.7848,,,0:23,https://creativecommons.org/licenses/by-nc-nd/4.0/,https://xeno-canto.org/648646,https://xeno-canto.org/648646/download,data/xeno_canto/Napothera_albostriata/B/XC648646 - Sumatran Wren-Babbler - Napothera albostriata.mp3,3c63d2b16e058735a3377a949d6d9688191a09086e4a7084556a04124c6c44d0,Ready_Existing
79361,Napothera_albostriata,Napothera albostriata,Sumatran Wren-Babbler,True,B,Desmond Allen,1994-03-09,?:?,Indonesia,"Kerinci Seblat National Park, Sumatra",,,,0:51,https://creativecommons.org/licenses/by-nc-nd/2.5/,https://xeno-canto.org/79361,https://xeno-canto.org/79361/download,data/xeno_canto/Napothera_albostriata/B/XC79361 - Sumatran Wren-Babbler - Napothera albostriata albostriatus.mp3,ef4f2934d03d809b320a94df1257ee00990997835af902709efff81adb256760,Ready_Existing
70293,Napothera_albostriata,Napothera albostriata,Sumatran Wren-Babbler,True,C,David Gibbs,1990-00-00,?,Indonesia,"Sumatra, Gunung Kerinci",-1.74,,,0:27,https://creativecommons.org/licenses/by-nc-nd/2.5/,https://xeno-canto.org/70293,https://xeno-canto.org/70293/download,data/xeno_canto/Napothera_albostriata/C/XC70293 - Sumatran Wren-Babbler - Napothera albostriata albostriatus.mp3,d418e7ed6abc28b4b0c2e7619b2cf5e58c4bed41ecca8ac73edca5bb4ea648de,Ready_Existing
210245,Pellorneum_buettikoferi,Pellorneum buettikoferi,Sumatran Babbler,True,A,Philippe Verbelen,2009-02-15,10:00,Indonesia,Landos village   ,-5.0461,,,1:10,https://creativecommons.org/licenses/by-nc-sa/4.0/,https://xeno-canto.org/210245,https://xeno-canto.org/210245/download,data/xeno_canto/Pellorneum_buettikoferi/A/XC210245 - Sumatran Babbler - Pellorneum buettikoferi.mp3,e4b311749e80a1b301faa7fe35a13ce4dea666a7003ab3fe43f3ed39afefafbe,Ready_Existing
210248,Pellorneum_buettikoferi,Pellorneum buettikoferi,Sumatran Babbler,True,A,Philippe Verbelen,2009-02-15,10:00,Indonesia,Landos village   ,-5.0461,,,0:49,https://creativecommons.org/licenses/by-nc-sa/4.0/,https://xeno-canto.org/210248,https://xeno-canto.org/210248/download,data/xeno_canto/Pellorneum_buettikoferi/A/XC210248 - Sumatran Babbler - Pellorneum buettikoferi.mp3,02d92898eefb9a03bcf04b09fc9ff142289675fbcd9d430701d9fdbc1fa1e910,Ready_Existing
301153,Pellorneum_buettikoferi,Pellorneum buettikoferi,Sumatran Babbler,True,A,Gareth K.,2013-02-04,06:00,Indonesia,"Balik Bukit, Lampung Barat, Lampung",-5.0656,,,0:32,https://creativecommons.org/licenses/by-nc-sa/4.0/,https://xeno-canto.org/301153,https://xeno-canto.org/301153/download,data/xeno_canto/Pellorneum_buettikoferi/A/XC301153 - Sumatran Babbler - Pellorneum buettikoferi.mp3,cc4a2a89bea35b9fc9a4cbaab3ae8d4e76e906befec6dc42f0e5bbe8392e28f5,Ready_Existing
210249,Pellorneum_buettikoferi,Pellorneum buettikoferi,Sumatran Babbler,True,B,Philippe Verbelen,2009-02-28,10:00,Indonesia,"Kecamatan Semaka, Kabupaten Tanggamus, Lampung",-5.4274,,,0:29,https://creativecommons.org/licenses/by-nc-sa/4.0/,https://xeno-canto.org/210249,https://xeno-canto.org/210249/download,data/xeno_canto/Pellorneum_buettikoferi/B/XC210249 - Sumatran Babbler - Pellorneum buettikoferi.mp3,313837fd01cc8afdb25c47a0869d6f7e9e5a3133af7ed75d06d9b64720eb425f,Ready_Existing
210251,Pellorneum_buettikoferi,Pellorneum buettikoferi,Sumatran Babbler,True,B,Philippe Verbelen,2009-02-28,10:00,Indonesia,"Kecamatan Semaka, Kabupaten Tanggamus, Lampung",-5.4274,,,0:51,https://creativecommons.org/licenses/by-nc-sa/4.0/,https://xeno-canto.org/210251,https://xeno-canto.org/210251/download,data/xeno_canto/Pellorneum_buettikoferi/B/XC210251 - Sumatran Babbler - Pellorneum buettikoferi.mp3,c879f29e3717ec34f015f8de3f70ef884b63c1c23debcf4cb5c73a58576503a3,Ready_Existing
511152,Pellorneum_buettikoferi,Pellorneum buettikoferi,Sumatran Babbler,True,B,Raphaël Jordan,2019-11-13,06:00,Indonesia,"Way Kambas NP, Lampung, Sumatra",-4.9178,,,0:18,https://creativecommons.org/licenses/by-nc-sa/4.0/,https://xeno-canto.org/511152,https://xeno-canto.org/511152/download,data/xeno_canto/Pellorneum_buettikoferi/B/XC511152 - Sumatran Babbler - Pellorneum buettikoferi.mp3,cbfbdbe2e42e1dfb310974b6ce576a8fb89c82c0a89cd7b7b7a9c8c472cee082,Ready_Existing
628806,Pellorneum_buettikoferi,Pellorneum buettikoferi,Sumatran Babbler,True,B,Rainforest Connection,2019-08-20,06:30,Indonesia,"Koto Parik Gadang Diateh, Kabupaten Solok Selatan, Sumatera Barat",-1.405,,,0:52,https://creativecommons.org/licenses/by-nc-sa/4.0/,https://xeno-canto.org/628806,https://xeno-canto.org/628806/download,data/xeno_canto/Pellorneum_buettikoferi/B/XC628806 - Sumatran Babbler - Pellorneum buettikoferi.mp3,13322f0a7ad356fd5b9673ac5c6b8ab46dc6aff39b02d8139b13483a67df8605,Ready_Existing
956514,Pellorneum_buettikoferi,Pellorneum buettikoferi,Sumatran Babbler,True,B,Remco Hofland,2024-07-29,09:18,Indonesia,"Koto Tangah, Padang City, West Sumatra",-0.8006,,,0:34,https://creativecommons.org/licenses/by-nc-sa/4.0/,https://xeno-canto.org/956514,https://xeno-canto.org/956514/download,data/xeno_canto/Pellorneum_buettikoferi/B/XC956514 - Sumatran Babbler - Pellorneum buettikoferi.mp3,eceaaec02278170ea0106c822aa5c24bc5775c73b0a18aad30736e2a8b542413,Ready_Existing
210247,Pellorneum_buettikoferi,Pellorneum buettikoferi,Sumatran Babbler,True,D,Philippe Verbelen,2009-02-15,10:00,Indonesia,Landos village   ,-5.0461,,,0:31,https://creativecommons.org/licenses/by-nc-sa/4.0/,https://xeno-canto.org/210247,https://xeno-canto.org/210247/download,data/xeno_canto/Pellorneum_buettikoferi/D/XC210247 - Sumatran Babbler - Pellorneum buettikoferi.mp3,fbe1d85c07e7e61b6b59c1c70286863e0faeca063e81c66eaf455e118c9fd50b,Ready_Existing
296501,Picus_dedemi,Picus dedemi,Sumatran Woodpecker,True,A,Ashley Banwell,2015-12-05,07:00,Indonesia,"Tadu Raya, Nagan Raya, Aceh",4.1407,,,0:18,https://creativecommons.org/licenses/by-nc-sa/4.0/,https://xeno-canto.org/296501,https://xeno-canto.org/296501/download,data/xeno_canto/Picus_dedemi/A/XC296501 - Sumatran Woodpecker - Picus dedemi.mp3,f07db5a2d38412c1175cefcda6673c67f87f5598b9ce9f15672947c966b284fc,Ready_Existing
490581,Picus_dedemi,Picus dedemi,Sumatran Woodpecker,True,A,Ross Gallardy,2019-07-13,14:00,Indonesia,"Sumatra, Kabupaten Nagan Raya, Aceh",4.3113,,,0:54,https://creativecommons.org/licenses/by-nc-sa/4.0/,https://xeno-canto.org/490581,https://xeno-canto.org/490581/download,data/xeno_canto/Picus_dedemi/A/XC490581 - Sumatran Woodpecker - Picus dedemi.mp3,b01c8bebef168dae044148f4e6d6895a780ea5a491d24ad81f58bd35dd762f78,Ready_Existing
296503,Picus_dedemi,Picus dedemi,Sumatran Woodpecker,True,B,Ashley Banwell,2015-12-05,07:00,Indonesia,"Tadu Raya, Nagan Raya, Aceh",4.1407,,,0:09,https://creativecommons.org/licenses/by-nc-sa/4.0/,https://xeno-canto.org/296503,https://xeno-canto.org/296503/download,data/xeno_canto/Picus_dedemi/B/XC296503 - Sumatran Woodpecker - Picus dedemi.mp3,e031636282e1b54a597a10ca599f94e5a181133fd7374b2341f05052b74a0c83,Ready_Existing
296504,Picus_dedemi,Picus dedemi,Sumatran Woodpecker,True,C,Ashley Banwell,2015-12-05,07:00,Indonesia,"Tadu Raya, Nagan Raya, Aceh",4.1407,,,0:08,https://creativecommons.org/licenses/by-nc-sa/4.0/,https://xeno-canto.org/296504,https://xeno-canto.org/296504/download,data/xeno_canto/Picus_dedemi/C/XC296504 - Sumatran Woodpecker - Picus dedemi.mp3,8ce3b82ec08ec110f7cdeb7373f7d351231b4f24c70e5a85c43e911a2721bbcc,Ready_Existing
1082270,Polyplectron_chalcurum,Polyplectron chalcurum,Bronze-tailed Peacock-Pheasant,True,A,Kalvin Chan,2026-01-21,11:00,Indonesia,"Tapan Road, West Sumatra, Sumatra",-2.0498,,,0:20,https://creativecommons.org/licenses/by-nc-sa/4.0/,https://xeno-canto.org/1082270,https://xeno-canto.org/1082270/download,data/xeno_canto/Polyplectron_chalcurum/A/XC1082270 - Bronze-tailed Peacock-Pheasant - Polyplectron chalcurum.mp3,dfc9c4f59807904103e5f9a3a4d4b1dc145764dcaa2b92868b2da5812de072eb,Ready_Existing
409403,Polyplectron_chalcurum,Polyplectron chalcurum,Bronze-tailed Peacock-Pheasant,True,A,Frank Lambert,2016-07-09,07:11,Indonesia,"Tapan Road, West Sumatra, Sumatra",-2.0498,,,0:25,https://creativecommons.org/licenses/by-nc-nd/4.0/,https://xeno-canto.org/409403,https://xeno-canto.org/409403/download,data/xeno_canto/Polyplectron_chalcurum/A/XC409403 - Bronze-tailed Peacock-Pheasant - Polyplectron chalcurum chalcurum.mp3,68dd0f91b15455b0afcbdc9ded132544296df6c2466d922cf829732eeba3158f,Ready_Existing
576881,Polyplectron_chalcurum,Polyplectron chalcurum,Bronze-tailed Peacock-Pheasant,True,A,Garry Bakker,2015-08-24,18:25,Indonesia,"Pesisir Bukit, Kota Sungai Penuh, Jambi",-2.036,,,0:16,https://creativecommons.org/licenses/by-nc-sa/4.0/,https://xeno-canto.org/576881,https://xeno-canto.org/576881/download,data/xeno_canto/Polyplectron_chalcurum/A/XC576881 - Bronze-tailed Peacock-Pheasant - Polyplectron chalcurum.mp3,5f52670ba1e342ea8d19967be4d375979713b4e0f33673c046421910e3554bf2,Ready_Existing
598654,Polyplectron_chalcurum,Polyplectron chalcurum,Bronze-tailed Peacock-Pheasant,True,A,Arbi Wiguna,2019-10-23,06:00,Indonesia,"Sangir, Kabupaten Solok Selatan, Sumatera Barat",-1.6967,,,0:20,https://creativecommons.org/licenses/by-nc-sa/4.0/,https://xeno-canto.org/598654,https://xeno-canto.org/598654/download,data/xeno_canto/Polyplectron_chalcurum/A/XC598654 - Bronze-tailed Peacock-Pheasant - Polyplectron chalcurum.mp3,bf07419a37f000fcef015b273b08e4fc2c36f1618a0cb51115a8ab22861193c6,Ready_Existing
70193,Polyplectron_chalcurum,Polyplectron chalcurum,Bronze-tailed Peacock-Pheasant,True,A,David Gibbs,1990-00-00,?,Indonesia,"Sumatra, Gunung Kerinci",-1.7401,,,0:44,https://creativecommons.org/licenses/by-nc-nd/2.5/,https://xeno-canto.org/70193,https://xeno-canto.org/70193/download,data/xeno_canto/Polyplectron_chalcurum/A/XC70193 - Bronze-tailed Peacock-Pheasant - Polyplectron chalcurum chalcurum.mp3,916d5f759c4daf98c3de1806b23810898dc0cb11e966944df2a90b57341f26ad,Ready_Existing
1082256,Polyplectron_chalcurum,Polyplectron chalcurum,Bronze-tailed Peacock-Pheasant,True,B,Kalvin Chan,2026-01-19,08:30,Indonesia,"Gunung Tujuh, Kerinci Regency, Jambi",-1.7099,,,0:39,https://creativecommons.org/licenses/by-nc-sa/4.0/,https://xeno-canto.org/1082256,https://xeno-canto.org/1082256/download,data/xeno_canto/Polyplectron_chalcurum/B/XC1082256 - Bronze-tailed Peacock-Pheasant - Polyplectron chalcurum.mp3,702735abfec357f31c98747896fd8b45aa75c6c729bc8dba8601d1fa7f4ad93a,Ready_Existing
1082286,Polyplectron_chalcurum,Polyplectron chalcurum,Bronze-tailed Peacock-Pheasant,True,B,Kalvin Chan,2026-01-22,09:00,Indonesia,"Gunung Raya, Kerinci Regency, Jambi",-2.313,,,1:44,https://creativecommons.org/licenses/by-nc-sa/4.0/,https://xeno-canto.org/1082286,https://xeno-canto.org/1082286/download,data/xeno_canto/Polyplectron_chalcurum/B/XC1082286 - Bronze-tailed Peacock-Pheasant - Polyplectron chalcurum.mp3,3e290a910012ac53899cb2a8431272be1d44b8fc0b4d17bf6d16adb54f3eebc1,Ready_Existing
196220,Polyplectron_chalcurum,Polyplectron chalcurum,Bronze-tailed Peacock-Pheasant,True,B,yann muzika,2014-09-07,07:18,Indonesia,"Danau Ranau, West Lampung, Lampung, Sumatra",-4.9393,,,0:13,https://creativecommons.org/licenses/by-nc-sa/4.0/,https://xeno-canto.org/196220,https://xeno-canto.org/196220/download,data/xeno_canto/Polyplectron_chalcurum/B/XC196220 - Bronze-tailed Peacock-Pheasant - Polyplectron chalcurum.mp3,02bf18dd8343d178332e2743f7218a150a5eabfbc9867ed55c90040d42ff131d,Ready_Existing
213817,Polyplectron_chalcurum,Polyplectron chalcurum,Bronze-tailed Peacock-Pheasant,True,B,Stijn Cooleman,2014-07-17,16:18,Indonesia,"Way Titias, Bukit Barisan Selatan NP, Lampung, Sumatra",-5.0685,,,0:19,https://creativecommons.org/licenses/by-nc-sa/4.0/,https://xeno-canto.org/213817,https://xeno-canto.org/213817/download,data/xeno_canto/Polyplectron_chalcurum/B/XC213817 - Bronze-tailed Peacock-Pheasant - Polyplectron chalcurum chalcurum.mp3,c8e0137f7e5815628e3f4e00316c249b2ed51ff56ff77638fddcfe7cd57bad73,Ready_Existing
391061,Polyplectron_chalcurum,Polyplectron chalcurum,Bronze-tailed Peacock-Pheasant,True,B,Irene Dy,2017-08-23,12:30,Indonesia,"Sumatra, Gunung Kerinci",-1.74,,,0:03,https://creativecommons.org/licenses/by-nc-sa/4.0/,https://xeno-canto.org/391061,https://xeno-canto.org/391061/download,data/xeno_canto/Polyplectron_chalcurum/B/XC391061 - Bronze-tailed Peacock-Pheasant - Polyplectron chalcurum chalcurum.mp3,4db2ae91daf9819c01b481b3adc9c4c31d76b8916397bd7d262b5867947b34d5,Ready_Existing
409404,Polyplectron_chalcurum,Polyplectron chalcurum,Bronze-tailed Peacock-Pheasant,True,B,Frank Lambert,2016-07-08,09:03,Indonesia,"Tapan Road, West Sumatra, Sumatra",-2.0498,,,0:19,https://creativecommons.org/licenses/by-nc-nd/4.0/,https://xeno-canto.org/409404,https://xeno-canto.org/409404/download,data/xeno_canto/Polyplectron_chalcurum/B/XC409404 - Bronze-tailed Peacock-Pheasant - Polyplectron chalcurum chalcurum.mp3,ab6825824cfc6491a3469a68aa5b0fc70617e558e4a86a66c471998fdffe076c,Ready_Existing
56932,Polyplectron_chalcurum,Polyplectron chalcurum,Bronze-tailed Peacock-Pheasant,True,B,Fabian Ducry &amp; David Marques,2009-09-05,?,Indonesia,"Way Titias, Bukit Barisan Selatan NP, Lampung, Sumatra",-5.0684,,,0:31,https://creativecommons.org/licenses/by-nc-nd/2.5/,https://xeno-canto.org/56932,https://xeno-canto.org/56932/download,data/xeno_canto/Polyplectron_chalcurum/B/XC56932 - Bronze-tailed Peacock-Pheasant - Polyplectron chalcurum.mp3,bf689539269fdc027be210a74757ec87f9859fc886c14c1d6ed06bec61e25016,Ready_Existing
681416,Polyplectron_chalcurum,Polyplectron chalcurum,Bronze-tailed Peacock-Pheasant,True,B,Mike Nelson,2016-04-18,08:30,Indonesia,"Mount Kerinci, West Sumatra, Sumatra",-1.7342,,,0:48,https://creativecommons.org/licenses/by-nc-sa/4.0/,https://xeno-canto.org/681416,https://xeno-canto.org/681416/download,data/xeno_canto/Polyplectron_chalcurum/B/XC681416 - Bronze-tailed Peacock-Pheasant - Polyplectron chalcurum.mp3,8a443c1742ed213c0127f0cfe4f173eaf1f11ee1b4e30e671669fe30ccb2f036,Ready_Existing
691500,Polyplectron_chalcurum,Polyplectron chalcurum,Bronze-tailed Peacock-Pheasant,True,B,Mike Nelson,2016-08-26,09:30,Indonesia,"Tapan Road, West Sumatra, Sumatra",-2.0498,,,0:31,https://creativecommons.org/licenses/by-nc-sa/4.0/,https://xeno-canto.org/691500,https://xeno-canto.org/691500/download,data/xeno_canto/Polyplectron_chalcurum/B/XC691500 - Bronze-tailed Peacock-Pheasant - Polyplectron chalcurum.mp3,7a973a907bad1a3b037068726e7f564cd29ae6d15a07e1769e467f1f02427db3,Ready_Existing
943629,Polyplectron_chalcurum,Polyplectron chalcurum,Bronze-tailed Peacock-Pheasant,True,B,Remco Hofland,2024-07-17,12:05,Indonesia,"Beutong, Nagan Raya Regency, Aceh",4.3334,,,0:21,https://creativecommons.org/licenses/by-nc-sa/4.0/,https://xeno-canto.org/943629,https://xeno-canto.org/943629/download,data/xeno_canto/Polyplectron_chalcurum/B/XC943629 - Bronze-tailed Peacock-Pheasant - Polyplectron chalcurum scutulatum.mp3,997afa1df9e09305418963b489d6a787617b5f190cfaafca1f8b32decc10a816,Ready_Existing
943630,Polyplectron_chalcurum,Polyplectron chalcurum,Bronze-tailed Peacock-Pheasant,True,B,Remco Hofland,2024-07-17,12:05,Indonesia,"Beutong, Nagan Raya Regency, Aceh",4.3334,,,0:43,https://creativecommons.org/licenses/by-nc-sa/4.0/,https://xeno-canto.org/943630,https://xeno-canto.org/943630/download,data/xeno_canto/Polyplectron_chalcurum/B/XC943630 - Bronze-tailed Peacock-Pheasant - Polyplectron chalcurum scutulatum.mp3,7101f7c20b0edd1d72928a31e97d131344f3aa02287a7e30da4eda8f4b98e4f1,Ready_Existing
39499,Polyplectron_chalcurum,Polyplectron chalcurum,Bronze-tailed Peacock-Pheasant,True,C,Brian Cox,2009-07-01,12.00,Indonesia,"Way Titias, Bukit Barisan Selatan NP, Lampung, Sumatra ",-5.068545,,,0:10,https://creativecommons.org/licenses/by-nc-nd/2.5/,https://xeno-canto.org/39499,https://xeno-canto.org/39499/download,data/xeno_canto/Polyplectron_chalcurum/C/XC39499 - Bronze-tailed Peacock-Pheasant - Polyplectron chalcurum.mp3,53941c3763388892a618259357161cf35a244148440174db01be2afe33e44b70,Ready_Existing
90808,Polyplectron_chalcurum,Polyplectron chalcurum,Bronze-tailed Peacock-Pheasant,True,C,Fabian Ducry &amp; David Marques,2009-08-30,?,Indonesia,"Tapan Road, West Sumatra, Sumatra",-2.0498,,,0:24,https://creativecommons.org/licenses/by-nc-nd/2.5/,https://xeno-canto.org/90808,https://xeno-canto.org/90808/download,data/xeno_canto/Polyplectron_chalcurum/C/XC90808 - Bronze-tailed Peacock-Pheasant - Polyplectron chalcurum.mp3,b673b254b68adb7aa1af665d2cd56e2eab104073891c0213a1a4039bdb4cd655,Ready_Existing
409405,Polyplectron_chalcurum,Polyplectron chalcurum,Bronze-tailed Peacock-Pheasant,True,E,Frank Lambert,2016-07-08,08:36,Indonesia,"Tapan Road, West Sumatra, Sumatra",-2.0498,,,0:17,https://creativecommons.org/licenses/by-nc-nd/4.0/,https://xeno-canto.org/409405,https://xeno-canto.org/409405/download,data/xeno_canto/Polyplectron_chalcurum/E/XC409405 - Bronze-tailed Peacock-Pheasant - Polyplectron chalcurum chalcurum.mp3,5ef02f8d3160bdcca314a74bdfbc85e48136752b4afe34463f16b5e9ba678cf2,Ready_Existing
